-- MySQL dump 10.13  Distrib 8.0.41, for Win64 (x86_64)
--
-- Host: localhost    Database: bharatherald
-- ------------------------------------------------------
-- Server version	8.0.41

/*!40101 SET @OLD_CHARACTER_SET_CLIENT=@@CHARACTER_SET_CLIENT */;
/*!40101 SET @OLD_CHARACTER_SET_RESULTS=@@CHARACTER_SET_RESULTS */;
/*!40101 SET @OLD_COLLATION_CONNECTION=@@COLLATION_CONNECTION */;
/*!50503 SET NAMES utf8 */;
/*!40103 SET @OLD_TIME_ZONE=@@TIME_ZONE */;
/*!40103 SET TIME_ZONE='+00:00' */;
/*!40014 SET @OLD_UNIQUE_CHECKS=@@UNIQUE_CHECKS, UNIQUE_CHECKS=0 */;
/*!40014 SET @OLD_FOREIGN_KEY_CHECKS=@@FOREIGN_KEY_CHECKS, FOREIGN_KEY_CHECKS=0 */;
/*!40101 SET @OLD_SQL_MODE=@@SQL_MODE, SQL_MODE='NO_AUTO_VALUE_ON_ZERO' */;
/*!40111 SET @OLD_SQL_NOTES=@@SQL_NOTES, SQL_NOTES=0 */;

--
-- Table structure for table `dim_ad_category`
--

DROP TABLE IF EXISTS `dim_ad_category`;
/*!40101 SET @saved_cs_client     = @@character_set_client */;
/*!50503 SET character_set_client = utf8mb4 */;
CREATE TABLE `dim_ad_category` (
  `ad_category_id` varchar(20) NOT NULL,
  `standard_ad_category` varchar(50) DEFAULT NULL,
  `category_group` varchar(50) DEFAULT NULL,
  `example_brands` varchar(100) DEFAULT NULL,
  PRIMARY KEY (`ad_category_id`)
) ENGINE=InnoDB DEFAULT CHARSET=utf8mb4 COLLATE=utf8mb4_0900_ai_ci;
/*!40101 SET character_set_client = @saved_cs_client */;

--
-- Dumping data for table `dim_ad_category`
--

LOCK TABLES `dim_ad_category` WRITE;
/*!40000 ALTER TABLE `dim_ad_category` DISABLE KEYS */;
INSERT INTO `dim_ad_category` VALUES ('A001','Government','Public Sector','LIC, SBI'),('A002','FMCG','Commercial Brands','HUL, Britannia'),('A003','Real Estate','Private Sector','DLF, Lodha'),('A004','Automobile','Commercial Brands','Tata Motors, Maruti');
/*!40000 ALTER TABLE `dim_ad_category` ENABLE KEYS */;
UNLOCK TABLES;

--
-- Table structure for table `dim_city`
--

DROP TABLE IF EXISTS `dim_city`;
/*!40101 SET @saved_cs_client     = @@character_set_client */;
/*!50503 SET character_set_client = utf8mb4 */;
CREATE TABLE `dim_city` (
  `city_id` varchar(20) NOT NULL,
  `city` varchar(50) DEFAULT NULL,
  `state` varchar(50) DEFAULT NULL,
  `tier` varchar(20) DEFAULT NULL,
  PRIMARY KEY (`city_id`)
) ENGINE=InnoDB DEFAULT CHARSET=utf8mb4 COLLATE=utf8mb4_0900_ai_ci;
/*!40101 SET character_set_client = @saved_cs_client */;

--
-- Dumping data for table `dim_city`
--

LOCK TABLES `dim_city` WRITE;
/*!40000 ALTER TABLE `dim_city` DISABLE KEYS */;
INSERT INTO `dim_city` VALUES ('C001','lucknow','Uttar Pradesh','Tier 2'),('C002','Delhi','DELHI','Tier 1'),('C003','bhopal','Madhya Pradesh','Tier 2'),('C004','Patna','BIHAR','Tier 2'),('C005','jaipur','Rajasthan','Tier 2'),('C006','Mumbai','MAHARASHTRA','Tier 1'),('C007','ranchi','JHARKHAND','Tier 3'),('C008','kanpur','UTTAR PRADESH','Tier 2'),('C009','Ahmedabad','GUJARAT','Tier 1'),('C010','Varanasi','Uttar Pradesh','Tier 2');
/*!40000 ALTER TABLE `dim_city` ENABLE KEYS */;
UNLOCK TABLES;

--
-- Table structure for table `fact_ad_revenue`
--

DROP TABLE IF EXISTS `fact_ad_revenue`;
/*!40101 SET @saved_cs_client     = @@character_set_client */;
/*!50503 SET character_set_client = utf8mb4 */;
CREATE TABLE `fact_ad_revenue` (
  `edition_id` varchar(20) DEFAULT NULL,
  `ad_category` varchar(50) DEFAULT NULL,
  `quarter` varchar(50) DEFAULT NULL,
  `ad_revenue` decimal(10,2) DEFAULT NULL,
  `currency` varchar(10) DEFAULT NULL,
  `comments` varchar(10000) DEFAULT NULL,
  `city_id` varchar(20) DEFAULT NULL,
  `year` varchar(20) DEFAULT NULL,
  `ad_revenue_USD` double DEFAULT NULL,
  KEY `fk_fact_ad_revenue_dim_ad_category_idx` (`ad_category`),
  KEY `fk_fact_ad_revenue_dim_city_idx` (`city_id`),
  CONSTRAINT `fk_fact_ad_revenue_dim_ad_category` FOREIGN KEY (`ad_category`) REFERENCES `dim_ad_category` (`ad_category_id`) ON DELETE CASCADE ON UPDATE CASCADE,
  CONSTRAINT `fk_fact_ad_revenue_dim_city` FOREIGN KEY (`city_id`) REFERENCES `dim_city` (`city_id`)
) ENGINE=InnoDB DEFAULT CHARSET=utf8mb4 COLLATE=utf8mb4_0900_ai_ci;
/*!40101 SET character_set_client = @saved_cs_client */;

--
-- Dumping data for table `fact_ad_revenue`
--

LOCK TABLES `fact_ad_revenue` WRITE;
/*!40000 ALTER TABLE `fact_ad_revenue` DISABLE KEYS */;
INSERT INTO `fact_ad_revenue` VALUES ('ED1005','A001','2023-Q2',22613.69,'EUR','','C005','2023',257.796066),('ED1005','A002','Q1-2019',39366.88,'USD','','C005','2019',448.782432),('ED1001','A003','Q3-2023',3709860.00,'INR','','C001','2023',42292.404),('ED1003','A002','Q3-2023',40969.55,'USD','','C003','2023',467.05287),('ED1007','A003','4th Qtr 2020',51779.40,'USD','','C007','2020',590.28516),('ED1001','A001','2024-Q2',4790190.00,'INR','','C001','2024',54608.166),('ED1001','A003','2024-Q2',4571581.00,'INR','','C001','2024',52116.0234),('ED1003','A002','Q1-2019',2719829.00,'INR','','C003','2019',31006.0506),('ED1005','A002','2019-Q2',3071973.00,'INR','','C005','2019',35020.4922),('ED1006','A001','Q3-2021',1555116.00,'INR','','C006','2021',17728.3224),('ED1010','A002','4th Qtr 2023',4669088.00,'INR','','C010','2023',53227.6032),('ED1007','A002','2020-Q2',4955352.00,'INR','','C007','2020',56491.0128),('ED1001','A002','2022-Q2',49883.14,'EUR','','C001','2022',568.667796),('ED1002','A003','2021-Q2',4450464.00,'INR','','C002','2021',50735.2896),('ED1006','A001','4th Qtr 2024',1034680.00,'INR','','C006','2024',11795.352),('ED1005','A003','2022-Q2',1348728.00,'INR','','C005','2022',15375.4992),('ED1002','A004','Q1-2020',1268118.00,'INR','','C002','2020',14456.5452),('ED1009','A004','2023-Q2',2924089.00,'INR','','C009','2023',33334.6146),('ED1004','A002','Q3-2022',2576243.00,'INR','','C004','2022',29369.1702),('ED1003','A002','4th Qtr 2024',27357.18,'USD','','C003','2024',311.871852),('ED1007','A004','Q1-2020',4539802.00,'INR','','C007','2020',51753.7428),('ED1006','A003','Q3-2019',3066125.00,'INR','Seasonal drop in demand','C006','2019',34953.825),('ED1001','A002','4th Qtr 2021',4288952.00,'INR','','C001','2021',48894.0528),('ED1010','A001','Q1-2022',2750538.00,'INR','','C010','2022',31356.1332),('ED1007','A003','4th Qtr 2022',4542127.00,'INR','','C007','2022',51780.2478),('ED1005','A001','4th Qtr 2021',2013545.00,'INR','','C005','2021',22954.413),('ED1004','A001','Q1-2022',4448644.00,'INR','','C004','2022',50714.5416),('ED1003','A001','Q3-2024',4048442.00,'INR','','C003','2024',46152.2388),('ED1002','A002','Q1-2023',1924178.00,'INR','','C002','2023',21935.6292),('ED1002','A004','Q1-2024',1020381.00,'INR','','C002','2024',11632.3434),('ED1006','A003','4th Qtr 2023',4644944.00,'INR','','C006','2023',52952.3616),('ED1006','A004','2019-Q2',4384750.00,'IN RUPEES','','C006','2019',49986.15),('ED1005','A002','Q1-2023',2445554.00,'IN RUPEES','','C005','2023',27879.3156),('ED1006','A004','2020-Q2',4843897.00,'INR','','C006','2020',55220.4258),('ED1008','A004','Q3-2024',3051940.00,'INR','','C008','2024',34792.116),('ED1009','A001','Q1-2024',2561869.00,'INR','','C009','2024',29205.3066),('ED1010','A001','Q3-2024',2354447.00,'INR','','C010','2024',26840.6958),('ED1008','A001','2024-Q2',1388920.00,'INR','','C008','2024',15833.688),('ED1009','A002','Q3-2019',16343.53,'USD','','C009','2019',186.316242),('ED1007','A003','Q1-2024',3348030.00,'INR','','C007','2024',38167.542),('ED1005','A002','Q1-2020',4107380.00,'INR','','C005','2020',46824.132),('ED1002','A003','2024-Q2',1245991.00,'INR','Festive push','C002','2024',14204.2974),('ED1001','A002','Q1-2023',1295165.00,'INR','New FMCG client onboarded','C001','2023',14764.881),('ED1010','A004','2024-Q2',3119807.00,'INR','','C010','2024',35565.7998),('ED1006','A001','Q3-2023',4624468.00,'INR','','C006','2023',52718.9352),('ED1002','A001','Q1-2019',1982122.00,'IN RUPEES','','C002','2019',22596.1908),('ED1005','A001','Q3-2023',3430992.00,'INR','','C005','2023',39113.3088),('ED1009','A004','4th Qtr 2020',25800.81,'EUR','','C009','2020',294.129234),('ED1010','A001','2019-Q2',51151.89,'USD','','C010','2019',583.131546),('ED1002','A001','2019-Q2',3111682.00,'INR','','C002','2019',35473.1748),('ED1008','A003','Q3-2020',41630.06,'EUR','','C008','2020',474.582684),('ED1010','A002','Q1-2021',3077410.00,'INR','','C010','2021',35082.474),('ED1007','A002','2019-Q2',1537804.00,'INR','','C007','2019',17530.9656),('ED1009','A003','2020-Q2',3950094.00,'INR','','C009','2020',45031.0716),('ED1002','A001','4th Qtr 2023',1158282.00,'INR','','C002','2023',13204.4148),('ED1005','A001','2024-Q2',3610193.00,'INR','','C005','2024',41156.2002),('ED1003','A002','Q3-2024',4525881.00,'INR','','C003','2024',51595.0434),('ED1003','A001','4th Qtr 2024',1557675.00,'INR','','C003','2024',17757.495),('ED1002','A001','Q1-2020',42184.81,'USD','','C002','2020',480.906834),('ED1005','A003','2022-Q2',36630.11,'EUR','','C005','2022',417.583254),('ED1008','A004','2021-Q2',2501403.00,'IN RUPEES','','C008','2021',28515.9942),('ED1001','A003','4th Qtr 2019',1890078.00,'INR','','C001','2019',21546.8892),('ED1002','A003','Q3-2019',1433751.00,'INR','','C002','2019',16344.7614),('ED1006','A002','4th Qtr 2021',30096.20,'EUR','','C006','2021',343.09668),('ED1004','A001','4th Qtr 2021',4335023.00,'INR','','C004','2021',49419.2622),('ED1002','A004','Q1-2021',2639961.00,'INR','','C002','2021',30095.5554),('ED1010','A001','Q3-2019',1918764.00,'INR','','C010','2019',21873.9096),('ED1003','A001','4th Qtr 2019',21393.41,'EUR','','C003','2019',243.884874),('ED1008','A003','4th Qtr 2020',1837077.00,'INR','','C008','2020',20942.6778),('ED1009','A004','Q3-2020',2947293.00,'INR','','C009','2020',33599.1402),('ED1010','A001','Q3-2020',49269.60,'USD','','C010','2020',561.67344),('ED1006','A003','Q1-2023',3928163.00,'INR','','C006','2023',44781.0582),('ED1002','A002','4th Qtr 2019',20040.84,'USD','','C002','2019',228.465576),('ED1006','A001','4th Qtr 2020',1282723.00,'INR','','C006','2020',14623.0422),('ED1003','A001','2019-Q2',3213538.00,'IN RUPEES','','C003','2019',36634.3332),('ED1008','A001','Q3-2021',2523860.00,'INR','','C008','2021',28772.004),('ED1009','A001','2019-Q2',46429.08,'EUR','','C009','2019',529.291512),('ED1005','A001','Q3-2023',4085719.00,'INR','','C005','2023',46577.1966),('ED1010','A003','Q3-2024',4763723.00,'INR','','C010','2024',54306.4422),('ED1004','A002','Q3-2021',3079147.00,'INR','','C004','2021',35102.2758),('ED1008','A002','2021-Q2',3852657.00,'INR','Real estate slowdown','C008','2021',43920.2898),('ED1005','A001','Q3-2020',49897.98,'USD','','C005','2020',568.836972),('ED1003','A002','Q1-2023',3981935.00,'IN RUPEES','','C003','2023',45394.059),('ED1005','A001','4th Qtr 2019',3826439.00,'INR','','C005','2019',43621.4046),('ED1001','A003','Q3-2021',4270354.00,'INR','','C001','2021',48682.0356),('ED1007','A004','4th Qtr 2024',1153858.00,'INR','','C007','2024',13153.9812),('ED1008','A001','4th Qtr 2022',3729500.00,'INR','','C008','2022',42516.3),('ED1004','A001','2020-Q2',2759067.00,'INR','','C004','2020',31453.3638),('ED1007','A003','Q1-2021',1940221.00,'INR','','C007','2021',22118.5194),('ED1010','A002','Q1-2020',14187.22,'EUR','','C010','2020',161.734308),('ED1004','A001','Q3-2020',22253.79,'EUR','','C004','2020',253.693206),('ED1001','A003','Q3-2023',3552316.00,'INR','New FMCG client onboarded','C001','2023',40496.4024),('ED1003','A003','2024-Q2',3459556.00,'INR','','C003','2024',39438.9384),('ED1005','A003','Q1-2023',1351953.00,'INR','','C005','2023',15412.2642),('ED1003','A002','Q3-2021',1691552.00,'INR','','C003','2021',19283.6928),('ED1005','A002','Q1-2024',1142518.00,'IN RUPEES','','C005','2024',13024.7052),('ED1002','A004','2019-Q2',2528929.00,'INR','','C002','2019',28829.7906),('ED1001','A001','Q1-2019',26280.06,'USD','','C001','2019',299.592684),('ED1008','A003','Q3-2022',4520446.00,'INR','','C008','2022',51533.0844),('ED1002','A004','Q1-2022',4720623.00,'INR','','C002','2022',53815.1022),('ED1005','A003','2019-Q2',3322438.00,'IN RUPEES','','C005','2019',37875.7932),('ED1010','A004','Q3-2024',2246906.00,'INR','','C010','2024',25614.7284),('ED1005','A001','4th Qtr 2020',23367.57,'EUR','','C005','2020',266.390298),('ED1005','A004','2024-Q2',16719.09,'EUR','','C005','2024',190.597626),('ED1003','A002','2024-Q2',59387.54,'USD','','C003','2024',677.017956),('ED1005','A004','4th Qtr 2024',56656.18,'USD','','C005','2024',645.880452),('ED1003','A003','Q1-2022',1554365.00,'INR','','C003','2022',17719.761),('ED1004','A003','Q3-2020',2928356.00,'INR','','C004','2020',33383.2584),('ED1004','A002','4th Qtr 2019',4826050.00,'INR','','C004','2019',55016.97),('ED1010','A004','4th Qtr 2019',3321909.00,'INR','','C010','2019',37869.7626),('ED1002','A004','4th Qtr 2022',3227168.00,'INR','','C002','2022',36789.7152),('ED1007','A001','Q3-2020',2411207.00,'IN RUPEES','','C007','2020',27487.7598),('ED1009','A002','4th Qtr 2022',35852.82,'USD','','C009','2022',408.722148),('ED1002','A003','Q3-2020',2557019.00,'INR','','C002','2020',29150.0166),('ED1008','A004','4th Qtr 2019',1722331.00,'INR','','C008','2019',19634.5734),('ED1005','A002','2022-Q2',1962224.00,'IN RUPEES','','C005','2022',22369.3536),('ED1006','A003','2020-Q2',3737166.00,'INR','','C006','2020',42603.6924),('ED1001','A002','Q1-2024',37534.53,'EUR','','C001','2024',427.893642),('ED1009','A004','2019-Q2',4958821.00,'INR','','C009','2019',56530.5594),('ED1001','A004','Q3-2021',1657516.00,'INR','','C001','2021',18895.6824),('ED1001','A004','4th Qtr 2024',3845449.00,'INR','','C001','2024',43838.1186),('ED1006','A001','Q1-2022',1744690.00,'INR','','C006','2022',19889.466),('ED1009','A001','4th Qtr 2022',4564855.00,'INR','','C009','2022',52039.347),('ED1001','A004','Q3-2022',11891.54,'EUR','','C001','2022',135.563556),('ED1005','A001','Q3-2019',3003364.00,'INR','','C005','2019',34238.3496),('ED1001','A001','4th Qtr 2024',2534011.00,'IN RUPEES','','C001','2024',28887.7254),('ED1006','A002','2021-Q2',2946807.00,'INR','','C006','2021',33593.5998),('ED1010','A003','2019-Q2',13495.47,'USD','','C010','2019',153.848358),('ED1009','A004','Q1-2020',13526.54,'EUR','','C009','2020',154.202556),('ED1007','A002','Q3-2021',12470.92,'EUR','','C007','2021',142.168488),('ED1010','A003','Q1-2021',3846340.00,'IN RUPEES','','C010','2021',43848.276),('ED1006','A001','Q1-2024',4998136.00,'INR','','C006','2024',56978.7504),('ED1004','A004','2019-Q2',3832278.00,'IN RUPEES','','C004','2019',43687.9692),('ED1008','A004','Q1-2023',44367.25,'USD','','C008','2023',505.78665),('ED1005','A001','4th Qtr 2022',43816.46,'USD','','C005','2022',499.507644),('ED1010','A004','Q1-2024',1583347.00,'INR','','C010','2024',18050.1558),('ED1002','A002','2024-Q2',1298949.00,'IN RUPEES','','C002','2024',14808.0186),('ED1001','A001','Q3-2019',4524919.00,'INR','','C001','2019',51584.0766),('ED1004','A003','Q3-2019',2571209.00,'INR','','C004','2019',29311.7826),('ED1003','A001','Q3-2020',3230011.00,'INR','Festive push','C003','2020',36822.1254),('ED1003','A003','4th Qtr 2020',1592124.00,'INR','','C003','2020',18150.2136),('ED1003','A004','Q3-2023',44750.74,'EUR','','C003','2023',510.158436),('ED1002','A003','Q1-2024',4511324.00,'INR','','C002','2024',51429.0936),('ED1007','A004','4th Qtr 2024',4017641.00,'INR','','C007','2024',45801.1074),('ED1006','A001','4th Qtr 2021',36311.26,'EUR','','C006','2021',413.948364),('ED1001','A001','2022-Q2',2794391.00,'INR','','C001','2022',31856.0574),('ED1002','A002','Q1-2022',2756304.00,'INR','','C002','2022',31421.8656),('ED1009','A004','Q3-2024',4704138.00,'INR','','C009','2024',53627.1732),('ED1001','A004','Q3-2023',4760181.00,'INR','','C001','2023',54266.0634),('ED1003','A004','Q1-2020',4967293.00,'IN RUPEES','','C003','2020',56627.1402),('ED1007','A001','Q3-2021',37898.14,'USD','','C007','2021',432.038796),('ED1005','A001','Q1-2022',43994.16,'USD','','C005','2022',501.533424),('ED1008','A003','2021-Q2',40375.03,'EUR','','C008','2021',460.275342),('ED1001','A003','Q1-2021',3639758.00,'INR','','C001','2021',41493.2412),('ED1008','A003','Q1-2022',3344710.00,'INR','','C008','2022',38129.694),('ED1004','A003','Q3-2022',3383607.00,'INR','','C004','2022',38573.1198),('ED1008','A003','4th Qtr 2022',17798.29,'USD','','C008','2022',202.900506),('ED1005','A003','Q1-2020',20528.20,'EUR','','C005','2020',234.02148),('ED1006','A003','4th Qtr 2024',2926883.00,'INR','','C006','2024',33366.4662),('ED1002','A003','Q1-2022',3019429.00,'INR','','C002','2022',34421.4906),('ED1002','A004','4th Qtr 2019',3136084.00,'INR','','C002','2019',35751.3576),('ED1001','A002','2023-Q2',1013534.00,'INR','','C001','2023',11554.2876),('ED1010','A002','Q3-2021',38031.75,'USD','','C010','2021',433.56195),('ED1009','A004','Q1-2019',1729353.00,'INR','','C009','2019',19714.6242),('ED1009','A004','Q1-2020',4877131.00,'IN RUPEES','','C009','2020',55599.2934),('ED1004','A003','2024-Q2',50693.47,'USD','','C004','2024',577.905558),('ED1004','A001','2022-Q2',28096.59,'EUR','','C004','2022',320.301126),('ED1009','A001','2024-Q2',26211.27,'EUR','','C009','2024',298.808478),('ED1005','A002','Q3-2021',3851157.00,'IN RUPEES','','C005','2021',43903.1898),('ED1001','A001','Q3-2020',2333715.00,'IN RUPEES','','C001','2020',26604.351),('ED1004','A002','2021-Q2',2403007.00,'INR','','C004','2021',27394.2798),('ED1006','A003','4th Qtr 2021',27882.13,'EUR','','C006','2021',317.856282),('ED1009','A001','2021-Q2',21809.33,'USD','','C009','2021',248.626362),('ED1007','A002','Q3-2024',1706575.00,'INR','','C007','2024',19454.955),('ED1001','A001','Q1-2024',59196.84,'USD','','C001','2024',674.843976),('ED1003','A001','Q1-2022',33478.51,'USD','','C003','2022',381.655014),('ED1008','A001','Q1-2019',1945999.00,'INR','','C008','2019',22184.3886),('ED1001','A002','2021-Q2',2506056.00,'INR','','C001','2021',28569.0384),('ED1003','A004','Q1-2024',3996707.00,'INR','','C003','2024',45562.4598),('ED1010','A001','2023-Q2',2911019.00,'INR','','C010','2023',33185.6166),('ED1004','A003','Q1-2023',2686607.00,'IN RUPEES','','C004','2023',30627.3198),('ED1005','A003','Q3-2024',3801474.00,'INR','','C005','2024',43336.8036),('ED1007','A001','Q1-2022',3985309.00,'INR','','C007','2022',45432.5226),('ED1010','A001','Q3-2020',49752.39,'USD','','C010','2020',567.177246),('ED1007','A001','2020-Q2',2348389.00,'IN RUPEES','','C007','2020',26771.6346),('ED1007','A003','Q1-2019',4953284.00,'INR','','C007','2019',56467.4376),('ED1009','A001','Q3-2022',3605109.00,'IN RUPEES','','C009','2022',41098.2426),('ED1004','A004','2022-Q2',2320062.00,'INR','','C004','2022',26448.7068),('ED1005','A004','2024-Q2',4816160.00,'INR','','C005','2024',54904.224),('ED1007','A003','Q3-2019',2332937.00,'INR','','C007','2019',26595.4818),('ED1003','A002','Q3-2021',4699320.00,'INR','','C003','2021',53572.248),('ED1004','A003','4th Qtr 2020',3249448.00,'INR','','C004','2020',37043.7072),('ED1006','A001','Q3-2024',4255942.00,'IN RUPEES','','C006','2024',48517.7388),('ED1002','A001','2024-Q2',1465133.00,'IN RUPEES','','C002','2024',16702.5162),('ED1003','A004','2023-Q2',4537278.00,'INR','','C003','2023',51724.9692),('ED1010','A004','Q1-2021',47341.75,'USD','','C010','2021',539.69595),('ED1003','A004','Q3-2020',2155154.00,'INR','','C003','2020',24568.7556),('ED1005','A002','Q3-2024',47952.71,'EUR','','C005','2024',546.660894),('ED1009','A004','Q3-2023',1464311.00,'INR','','C009','2023',16693.1454),('ED1007','A002','Q1-2022',1488118.00,'INR','','C007','2022',16964.5452),('ED1009','A001','Q1-2019',2337161.00,'INR','','C009','2019',26643.6354),('ED1007','A002','Q1-2022',2247318.00,'INR','','C007','2022',25619.4252),('ED1005','A003','Q3-2021',4888599.00,'INR','','C005','2021',55730.0286),('ED1008','A004','Q3-2021',1460599.00,'IN RUPEES','','C008','2021',16650.8286),('ED1002','A003','Q3-2021',39951.23,'EUR','','C002','2021',455.444022),('ED1002','A004','Q3-2022',4838223.00,'INR','','C002','2022',55155.7422),('ED1010','A001','2021-Q2',36990.61,'EUR','','C010','2021',421.692954),('ED1003','A003','Q3-2024',1298402.00,'INR','','C003','2024',14801.7828),('ED1009','A001','4th Qtr 2024',4987124.00,'INR','','C009','2024',56853.2136),('ED1006','A001','4th Qtr 2020',59784.89,'USD','','C006','2020',681.547746),('ED1002','A003','Q3-2020',41752.86,'USD','','C002','2020',475.982604),('ED1001','A003','Q3-2019',3740973.00,'INR','','C001','2019',42647.0922),('ED1002','A001','2020-Q2',2961688.00,'INR','','C002','2020',33763.2432),('ED1008','A003','2022-Q2',1665511.00,'INR','','C008','2022',18986.8254),('ED1010','A003','2022-Q2',16152.36,'USD','','C010','2022',184.136904),('ED1008','A003','4th Qtr 2021',2351298.00,'INR','','C008','2021',26804.7972),('ED1008','A004','4th Qtr 2022',2521142.00,'INR','','C008','2022',28741.0188),('ED1009','A002','4th Qtr 2020',34789.14,'USD','','C009','2020',396.596196),('ED1010','A003','Q1-2023',3899226.00,'INR','','C010','2023',44451.1764),('ED1002','A003','Q3-2024',45241.17,'EUR','','C002','2024',515.749338),('ED1001','A003','2021-Q2',2543139.00,'INR','Govt. reduced ad spend','C001','2021',28991.7846),('ED1001','A001','Q3-2022',3721926.00,'INR','','C001','2022',42429.9564),('ED1001','A004','Q3-2022',1225358.00,'IN RUPEES','','C001','2022',13969.0812),('ED1002','A002','Q1-2019',2499244.00,'INR','','C002','2019',28491.3816),('ED1003','A003','4th Qtr 2020',4134867.00,'INR','','C003','2020',47137.4838),('ED1008','A004','2023-Q2',14771.42,'USD','','C008','2023',168.394188),('ED1009','A003','2023-Q2',1897920.00,'INR','','C009','2023',21636.288),('ED1001','A001','Q3-2024',3069870.00,'INR','','C001','2024',34996.518),('ED1001','A001','4th Qtr 2019',52793.56,'EUR','','C001','2019',601.846584),('ED1005','A004','Q1-2022',42132.88,'USD','','C005','2022',480.314832),('ED1009','A001','4th Qtr 2019',3467112.00,'INR','','C009','2019',39525.0768),('ED1003','A003','4th Qtr 2021',4248571.00,'INR','','C003','2021',48433.7094),('ED1004','A004','4th Qtr 2024',4266866.00,'INR','','C004','2024',48642.2724),('ED1008','A002','Q3-2022',2997151.00,'INR','','C008','2022',34167.5214),('ED1007','A001','Q1-2019',2977322.00,'INR','','C007','2019',33941.4708),('ED1010','A002','Q1-2022',15811.29,'USD','','C010','2022',180.248706),('ED1007','A003','Q3-2020',2702224.00,'INR','','C007','2020',30805.3536),('ED1003','A001','4th Qtr 2021',4013954.00,'INR','','C003','2021',45759.0756),('ED1008','A001','4th Qtr 2019',2231616.00,'INR','Price hike concern','C008','2019',25440.4224),('ED1010','A004','Q1-2019',1241017.00,'INR','','C010','2019',14147.5938),('ED1002','A003','4th Qtr 2019',4972321.00,'IN RUPEES','','C002','2019',56684.4594),('ED1004','A002','Q1-2019',4062573.00,'INR','','C004','2019',46313.3322),('ED1007','A002','2023-Q2',3266025.00,'INR','','C007','2023',37232.685),('ED1008','A002','2019-Q2',4837738.00,'INR','','C008','2019',55150.2132),('ED1007','A002','4th Qtr 2021',18674.20,'EUR','','C007','2021',212.88588),('ED1009','A004','4th Qtr 2022',4788760.00,'INR','','C009','2022',54591.864),('ED1009','A004','4th Qtr 2023',1291000.00,'INR','','C009','2023',14717.4),('ED1006','A004','Q1-2024',41204.10,'EUR','Seasonal drop in demand','C006','2024',469.72674),('ED1002','A004','Q3-2019',4715699.00,'INR','','C002','2019',53758.9686),('ED1001','A003','4th Qtr 2020',2221235.00,'IN RUPEES','','C001','2020',25322.079),('ED1001','A004','2020-Q2',4191570.00,'INR','','C001','2020',47783.898),('ED1006','A003','2023-Q2',57934.25,'USD','','C006','2023',660.45045),('ED1007','A004','Q1-2020',46908.53,'USD','Real estate slowdown','C007','2020',534.757242),('ED1004','A003','4th Qtr 2023',4925856.00,'INR','','C004','2023',56154.7584),('ED1004','A003','Q3-2021',3419540.00,'INR','','C004','2021',38982.756),('ED1005','A003','Q3-2019',59751.60,'USD','','C005','2019',681.16824),('ED1008','A003','Q1-2021',4324602.00,'INR','','C008','2021',49300.4628),('ED1007','A001','Q3-2023',2589267.00,'INR','','C007','2023',29517.6438),('ED1004','A003','Q1-2023',49486.83,'EUR','','C004','2023',564.149862),('ED1006','A002','Q3-2020',15537.52,'EUR','','C006','2020',177.127728),('ED1005','A003','Q3-2022',2724025.00,'INR','','C005','2022',31053.885),('ED1005','A004','4th Qtr 2022',11305.00,'EUR','','C005','2022',128.877),('ED1006','A001','2024-Q2',1167061.00,'INR','','C006','2024',13304.4954),('ED1001','A002','4th Qtr 2019',3587082.00,'INR','','C001','2019',40892.7348),('ED1004','A001','4th Qtr 2021',4818857.00,'INR','','C004','2021',54934.9698),('ED1001','A001','4th Qtr 2020',1549024.00,'INR','','C001','2020',17658.8736),('ED1004','A002','2019-Q2',1288919.00,'INR','','C004','2019',14693.6766),('ED1009','A002','2023-Q2',2110041.00,'INR','','C009','2023',24054.4674),('ED1010','A001','Q3-2023',3913874.00,'INR','','C010','2023',44618.1636),('ED1006','A003','Q1-2019',22285.93,'USD','Govt. reduced ad spend','C006','2019',254.059602),('ED1009','A002','Q1-2021',37279.10,'USD','','C009','2021',424.98174),('ED1003','A003','4th Qtr 2023',3053015.00,'INR','','C003','2023',34804.371),('ED1006','A004','4th Qtr 2024',20895.01,'EUR','','C006','2024',238.203114),('ED1002','A004','4th Qtr 2020',4202938.00,'INR','','C002','2020',47913.4932),('ED1008','A003','Q3-2023',1402920.00,'INR','','C008','2023',15993.288),('ED1004','A002','Q3-2024',51059.80,'EUR','','C004','2024',582.08172),('ED1006','A003','4th Qtr 2022',3648057.00,'INR','','C006','2022',41587.8498),('ED1003','A001','2022-Q2',4024129.00,'INR','','C003','2022',45875.0706),('ED1009','A001','2019-Q2',2242474.00,'INR','','C009','2019',25564.2036),('ED1005','A001','Q1-2021',58585.23,'USD','','C005','2021',667.871622),('ED1003','A004','4th Qtr 2019',1446422.00,'INR','','C003','2019',16489.2108),('ED1002','A003','2019-Q2',39841.80,'USD','','C002','2019',454.19652),('ED1006','A002','Q1-2019',1634846.00,'INR','','C006','2019',18637.2444),('ED1004','A003','Q1-2024',4887198.00,'INR','','C004','2024',55714.0572),('ED1001','A004','Q3-2024',3134304.00,'INR','','C001','2024',35731.0656),('ED1006','A003','Q1-2023',2592351.00,'INR','','C006','2023',29552.8014),('ED1003','A004','Q3-2022',2253751.00,'IN RUPEES','','C003','2022',25692.7614),('ED1004','A003','Q3-2023',49331.19,'USD','','C004','2023',562.375566),('ED1004','A004','Q3-2020',3012509.00,'INR','Govt. reduced ad spend','C004','2020',34342.6026),('ED1002','A002','2020-Q2',1330897.00,'INR','','C002','2020',15172.2258),('ED1009','A002','4th Qtr 2021',1568681.00,'INR','','C009','2021',17882.9634),('ED1002','A002','4th Qtr 2022',1697820.00,'IN RUPEES','','C002','2022',19355.148),('ED1002','A002','2023-Q2',4180639.00,'IN RUPEES','','C002','2023',47659.2846),('ED1009','A002','Q1-2020',3922189.00,'IN RUPEES','','C009','2020',44712.9546),('ED1005','A003','Q1-2019',2915863.00,'INR','','C005','2019',33240.8382),('ED1004','A002','4th Qtr 2020',1901392.00,'INR','','C004','2020',21675.8688),('ED1001','A004','Q1-2019',1157667.00,'INR','','C001','2019',13197.4038),('ED1010','A003','2024-Q2',2070061.00,'INR','','C010','2024',23598.6954),('ED1005','A001','Q3-2022',2801446.00,'INR','Real estate slowdown','C005','2022',31936.4844),('ED1008','A001','Q1-2020',2577548.00,'INR','Seasonal drop in demand','C008','2020',29384.0472),('ED1006','A004','4th Qtr 2019',4269401.00,'INR','','C006','2019',48671.1714),('ED1004','A001','Q1-2024',4680238.00,'INR','','C004','2024',53354.7132),('ED1002','A001','Q3-2022',3183906.00,'INR','','C002','2022',36296.5284),('ED1004','A002','Q1-2020',1363891.00,'INR','','C004','2020',15548.3574),('ED1005','A002','4th Qtr 2022',1539522.00,'INR','','C005','2022',17550.5508),('ED1005','A003','4th Qtr 2023',23255.31,'EUR','','C005','2023',265.110534),('ED1004','A002','4th Qtr 2023',4114010.00,'INR','','C004','2023',46899.714),('ED1010','A003','2022-Q2',1967075.00,'INR','','C010','2022',22424.655),('ED1003','A004','Q1-2019',26820.32,'EUR','','C003','2019',305.751648),('ED1006','A004','2023-Q2',38727.36,'USD','','C006','2023',441.491904),('ED1006','A002','Q3-2022',3740502.00,'INR','','C006','2022',42641.7228),('ED1010','A001','Q1-2019',1568648.00,'INR','','C010','2019',17882.5872),('ED1008','A004','Q3-2020',20679.37,'EUR','','C008','2020',235.744818),('ED1004','A001','2023-Q2',3872634.00,'IN RUPEES','','C004','2023',44148.0276),('ED1007','A001','2024-Q2',51413.87,'EUR','','C007','2024',586.118118),('ED1005','A001','Q3-2020',51301.63,'EUR','Festive push','C005','2020',584.838582),('ED1005','A004','4th Qtr 2020',2346714.00,'IN RUPEES','','C005','2020',26752.5396),('ED1001','A004','4th Qtr 2022',1700429.00,'INR','','C001','2022',19384.8906),('ED1004','A001','4th Qtr 2022',1730145.00,'INR','','C004','2022',19723.653),('ED1003','A001','2023-Q2',34339.28,'EUR','','C003','2023',391.467792),('ED1010','A003','4th Qtr 2024',1788698.00,'INR','','C010','2024',20391.1572),('ED1009','A003','Q1-2021',3652377.00,'INR','','C009','2021',41637.0978),('ED1002','A002','4th Qtr 2021',2362968.00,'INR','','C002','2021',26937.8352),('ED1007','A003','Q1-2024',38350.06,'EUR','','C007','2024',437.190684),('ED1008','A004','4th Qtr 2021',1943532.00,'INR','','C008','2021',22156.2648),('ED1005','A003','Q1-2024',3299534.00,'INR','','C005','2024',37614.6876),('ED1002','A004','2021-Q2',55147.91,'EUR','','C002','2021',628.686174),('ED1006','A001','2022-Q2',23685.67,'EUR','','C006','2022',270.016638),('ED1009','A002','Q3-2024',2545604.00,'INR','','C009','2024',29019.8856),('ED1008','A001','2020-Q2',23110.02,'USD','','C008','2020',263.454228),('ED1006','A002','Q1-2019',4673238.00,'INR','','C006','2019',53274.9132),('ED1003','A003','4th Qtr 2021',2257263.00,'INR','','C003','2021',25732.7982),('ED1005','A001','2020-Q2',37692.81,'EUR','','C005','2020',429.698034),('ED1009','A004','2022-Q2',3795400.00,'INR','','C009','2022',43267.56),('ED1010','A003','Q3-2022',30933.67,'EUR','','C010','2022',352.643838),('ED1003','A001','2019-Q2',4636340.00,'INR','','C003','2019',52854.276),('ED1002','A003','2023-Q2',29249.16,'USD','','C002','2023',333.440424),('ED1008','A004','2024-Q2',1139960.00,'IN RUPEES','','C008','2024',12995.544),('ED1009','A001','Q1-2023',4601761.00,'INR','','C009','2023',52460.0754),('ED1003','A002','2022-Q2',3429276.00,'INR','','C003','2022',39093.7464),('ED1010','A003','Q3-2022',1813545.00,'INR','','C010','2022',20674.413),('ED1006','A003','2024-Q2',4734800.00,'INR','','C006','2024',53976.72),('ED1006','A002','4th Qtr 2019',3038452.00,'INR','','C006','2019',34638.3528),('ED1010','A002','Q1-2024',2432030.00,'IN RUPEES','','C010','2024',27725.142),('ED1008','A004','Q1-2020',3167891.00,'INR','','C008','2020',36113.9574),('ED1005','A004','4th Qtr 2021',2067307.00,'INR','','C005','2021',23567.2998),('ED1010','A002','Q3-2023',3008673.00,'INR','','C010','2023',34298.8722),('ED1002','A003','4th Qtr 2024',30410.39,'USD','','C002','2024',346.678446),('ED1002','A004','4th Qtr 2024',1736314.00,'INR','','C002','2024',19793.9796),('ED1006','A001','2024-Q2',20777.43,'EUR','','C006','2024',236.862702),('ED1005','A001','Q3-2021',35180.25,'USD','','C005','2021',401.05485),('ED1001','A003','Q3-2020',3607897.00,'IN RUPEES','','C001','2020',41130.0258),('ED1003','A003','2021-Q2',2319824.00,'INR','Price hike concern','C003','2021',26445.9936),('ED1009','A002','Q3-2019',3683837.00,'INR','','C009','2019',41995.7418),('ED1005','A003','Q1-2021',4958980.00,'INR','','C005','2021',56532.372),('ED1010','A003','4th Qtr 2020',4013324.00,'INR','','C010','2020',45751.8936),('ED1001','A001','Q1-2020',2196738.00,'INR','','C001','2020',25042.8132),('ED1005','A001','2020-Q2',21143.66,'EUR','','C005','2020',241.037724),('ED1005','A004','Q3-2024',3124393.00,'INR','Govt. reduced ad spend','C005','2024',35618.0802),('ED1001','A002','Q1-2021',15187.66,'EUR','','C001','2021',173.139324),('ED1008','A003','Q3-2021',3602288.00,'IN RUPEES','','C008','2021',41066.0832),('ED1003','A002','Q1-2021',35624.82,'EUR','','C003','2021',406.122948),('ED1001','A001','Q1-2022',2467151.00,'INR','','C001','2022',28125.5214),('ED1008','A001','Q3-2024',1440157.00,'INR','','C008','2024',16417.7898),('ED1004','A003','2021-Q2',23117.24,'USD','','C004','2021',263.536536),('ED1005','A003','4th Qtr 2019',39529.81,'USD','','C005','2019',450.639834),('ED1007','A001','4th Qtr 2021',2910074.00,'INR','','C007','2021',33174.8436),('ED1004','A004','Q3-2023',3464732.00,'INR','New FMCG client onboarded','C004','2023',39497.9448),('ED1003','A001','4th Qtr 2019',41749.70,'EUR','','C003','2019',475.94658),('ED1002','A002','Q3-2023',49986.70,'USD','','C002','2023',569.84838),('ED1010','A003','Q3-2021',2361346.00,'INR','Price hike concern','C010','2021',26919.3444),('ED1005','A002','2023-Q2',4410443.00,'INR','','C005','2023',50279.0502),('ED1004','A001','4th Qtr 2024',4810814.00,'INR','','C004','2024',54843.2796),('ED1002','A002','2022-Q2',4984162.00,'INR','','C002','2022',56819.4468),('ED1006','A001','Q1-2022',2236757.00,'INR','','C006','2022',25499.0298),('ED1003','A003','2021-Q2',4221131.00,'INR','','C003','2021',48120.8934),('ED1008','A001','Q3-2019',3072966.00,'INR','','C008','2019',35031.8124),('ED1010','A004','Q1-2023',2331273.00,'INR','','C010','2023',26576.5122),('ED1001','A002','4th Qtr 2023',4878582.00,'INR','','C001','2023',55615.8348),('ED1010','A003','4th Qtr 2019',1433676.00,'INR','','C010','2019',16343.9064),('ED1004','A001','Q3-2019',4477898.00,'INR','','C004','2019',51048.0372),('ED1004','A004','2024-Q2',3762752.00,'INR','','C004','2024',42895.3728),('ED1001','A003','2020-Q2',3106488.00,'IN RUPEES','','C001','2020',35413.9632),('ED1010','A003','4th Qtr 2024',1971646.00,'IN RUPEES','','C010','2024',22476.7644),('ED1005','A004','4th Qtr 2021',4560605.00,'INR','','C005','2021',51990.897),('ED1004','A002','2022-Q2',52645.82,'EUR','','C004','2022',600.162348),('ED1007','A003','2020-Q2',1113633.00,'INR','','C007','2020',12695.4162),('ED1010','A004','2022-Q2',3171928.00,'INR','','C010','2022',36159.9792),('ED1003','A002','4th Qtr 2022',4872915.00,'INR','','C003','2022',55551.231),('ED1008','A002','4th Qtr 2024',4506722.00,'INR','','C008','2024',51376.6308),('ED1009','A001','4th Qtr 2023',4786886.00,'INR','','C009','2023',54570.5004),('ED1007','A003','2019-Q2',51670.81,'EUR','','C007','2019',589.047234),('ED1002','A003','4th Qtr 2020',2708457.00,'INR','','C002','2020',30876.4098),('ED1003','A002','Q1-2022',4550543.00,'INR','','C003','2022',51876.1902),('ED1005','A003','Q1-2020',1069470.00,'INR','','C005','2020',12191.958),('ED1010','A001','4th Qtr 2023',1717472.00,'INR','','C010','2023',19579.1808),('ED1008','A001','Q1-2021',2650525.00,'IN RUPEES','','C008','2021',30215.985),('ED1007','A003','Q3-2023',2937499.00,'INR','','C007','2023',33487.4886),('ED1007','A003','2023-Q2',1917336.00,'INR','','C007','2023',21857.6304),('ED1009','A001','4th Qtr 2023',21744.55,'USD','','C009','2023',247.88787),('ED1009','A003','Q3-2020',1446083.00,'INR','','C009','2020',16485.3462),('ED1001','A003','2019-Q2',2783959.00,'INR','','C001','2019',31737.1326),('ED1010','A004','4th Qtr 2023',22582.33,'EUR','','C010','2023',257.438562),('ED1001','A004','4th Qtr 2022',2257381.00,'INR','','C001','2022',25734.1434),('ED1006','A004','Q3-2024',1448247.00,'IN RUPEES','','C006','2024',16510.0158),('ED1008','A003','Q1-2022',1589196.00,'INR','','C008','2022',18116.8344),('ED1003','A001','2021-Q2',16475.22,'USD','','C003','2021',187.817508),('ED1001','A001','2020-Q2',1548511.00,'INR','','C001','2020',17653.0254),('ED1001','A003','Q1-2023',1621044.00,'INR','Price hike concern','C001','2023',18479.9016),('ED1010','A002','4th Qtr 2022',4967832.00,'INR','','C010','2022',56633.2848),('ED1010','A001','4th Qtr 2019',1889735.00,'INR','','C010','2019',21542.979),('ED1001','A004','2019-Q2',2173878.00,'INR','','C001','2019',24782.2092),('ED1007','A003','Q1-2023',3509884.00,'INR','','C007','2023',40012.6776),('ED1007','A003','4th Qtr 2019',54711.36,'USD','','C007','2019',623.709504),('ED1005','A004','2021-Q2',2267404.00,'INR','','C005','2021',25848.4056),('ED1010','A003','Q1-2020',2435643.00,'INR','','C010','2020',27766.3302),('ED1004','A001','Q3-2024',3823559.00,'IN RUPEES','','C004','2024',43588.5726),('ED1002','A003','Q1-2021',4173283.00,'INR','','C002','2021',47575.4262),('ED1004','A003','4th Qtr 2024',2938517.00,'INR','','C004','2024',33499.0938),('ED1007','A002','4th Qtr 2019',1370821.00,'INR','','C007','2019',15627.3594),('ED1004','A001','4th Qtr 2019',4016088.00,'INR','','C004','2019',45783.4032),('ED1001','A001','Q1-2021',48110.01,'EUR','','C001','2021',548.454114),('ED1010','A004','2020-Q2',3061306.00,'INR','','C010','2020',34898.8884),('ED1004','A003','4th Qtr 2022',3494727.00,'INR','','C004','2022',39839.8878),('ED1001','A002','Q1-2023',30228.93,'EUR','','C001','2023',344.609802),('ED1006','A001','2019-Q2',3890750.00,'IN RUPEES','','C006','2019',44354.55),('ED1004','A003','Q1-2020',3304212.00,'INR','','C004','2020',37668.0168),('ED1001','A003','Q1-2022',24385.07,'EUR','','C001','2022',277.989798),('ED1003','A002','Q1-2020',33546.32,'EUR','','C003','2020',382.428048),('ED1004','A001','4th Qtr 2020',3816051.00,'INR','','C004','2020',43502.9814),('ED1010','A002','Q3-2022',15046.42,'EUR','','C010','2022',171.529188),('ED1006','A004','Q1-2020',38802.59,'EUR','','C006','2020',442.349526),('ED1006','A003','4th Qtr 2019',33936.51,'EUR','','C006','2019',386.876214),('ED1003','A001','Q3-2021',48218.20,'EUR','','C003','2021',549.68748),('ED1009','A003','4th Qtr 2021',49280.83,'EUR','','C009','2021',561.801462),('ED1002','A003','Q3-2023',3689392.00,'IN RUPEES','','C002','2023',42059.0688),('ED1008','A003','Q1-2021',22624.54,'EUR','','C008','2021',257.919756),('ED1003','A001','Q1-2023',4893012.00,'INR','','C003','2023',55780.3368),('ED1009','A002','Q1-2022',3964411.00,'INR','','C009','2022',45194.2854),('ED1009','A001','Q3-2022',2342218.00,'INR','','C009','2022',26701.2852),('ED1007','A004','Q1-2021',3862439.00,'INR','','C007','2021',44031.8046),('ED1010','A004','4th Qtr 2020',4980925.00,'INR','','C010','2020',56782.545),('ED1007','A002','Q1-2023',1421291.00,'IN RUPEES','','C007','2023',16202.7174),('ED1010','A001','4th Qtr 2022',2364194.00,'INR','','C010','2022',26951.8116),('ED1009','A001','4th Qtr 2020',2968799.00,'INR','','C009','2020',33844.3086),('ED1009','A003','Q3-2022',55165.43,'EUR','','C009','2022',628.885902),('ED1001','A001','Q3-2024',4582286.00,'INR','','C001','2024',52238.0604),('ED1007','A004','2022-Q2',34710.31,'EUR','','C007','2022',395.697534),('ED1003','A004','Q1-2021',2316140.00,'IN RUPEES','','C003','2021',26403.996),('ED1007','A001','Q1-2020',3497742.00,'IN RUPEES','','C007','2020',39874.2588),('ED1007','A003','4th Qtr 2022',4780497.00,'INR','','C007','2022',54497.6658),('ED1003','A003','Q3-2020',3877434.00,'INR','','C003','2020',44202.7476),('ED1005','A002','4th Qtr 2020',49535.57,'USD','','C005','2020',564.705498),('ED1003','A001','Q1-2023',3185748.00,'INR','','C003','2023',36317.5272),('ED1008','A003','Q3-2019',2873833.00,'INR','Real estate slowdown','C008','2019',32761.6962),('ED1006','A003','2019-Q2',1422981.00,'IN RUPEES','','C006','2019',16221.9834),('ED1006','A003','4th Qtr 2020',55483.16,'USD','','C006','2020',632.508024),('ED1010','A003','Q1-2019',2035190.00,'INR','','C010','2019',23201.166),('ED1008','A002','2020-Q2',22813.23,'EUR','','C008','2020',260.070822),('ED1003','A004','Q3-2019',4985211.00,'IN RUPEES','','C003','2019',56831.4054),('ED1007','A001','Q1-2023',2006650.00,'INR','','C007','2023',22875.81),('ED1007','A002','2024-Q2',3620989.00,'INR','','C007','2024',41279.2746),('ED1004','A004','4th Qtr 2019',3442364.00,'INR','','C004','2019',39242.9496),('ED1009','A003','2022-Q2',1813467.00,'INR','','C009','2022',20673.5238),('ED1009','A001','2020-Q2',4981686.00,'INR','Price hike concern','C009','2020',56791.2204),('ED1002','A004','Q3-2021',33423.65,'USD','','C002','2021',381.02961),('ED1006','A002','Q1-2024',24914.08,'USD','','C006','2024',284.020512),('ED1006','A001','4th Qtr 2023',4468958.00,'INR','Festive push','C006','2023',50946.1212),('ED1010','A002','Q3-2019',34801.63,'EUR','','C010','2019',396.738582),('ED1008','A004','2022-Q2',37911.13,'EUR','','C008','2022',432.186882),('ED1002','A003','Q1-2019',1126588.00,'INR','','C002','2019',12843.1032),('ED1002','A001','Q3-2022',4175234.00,'INR','','C002','2022',47597.6676),('ED1006','A001','4th Qtr 2022',3108487.00,'INR','','C006','2022',35436.7518),('ED1010','A003','4th Qtr 2022',1962982.00,'IN RUPEES','','C010','2022',22377.9948),('ED1002','A003','4th Qtr 2022',4966317.00,'INR','','C002','2022',56616.0138),('ED1001','A003','2023-Q2',4669703.00,'INR','','C001','2023',53234.6142),('ED1003','A001','Q3-2019',4007884.00,'INR','','C003','2019',45689.8776),('ED1006','A003','Q3-2022',23576.39,'EUR','','C006','2022',268.770846),('ED1010','A003','2021-Q2',3085027.00,'INR','','C010','2021',35169.3078),('ED1003','A001','2024-Q2',2343727.00,'INR','','C003','2024',26718.4878),('ED1007','A003','4th Qtr 2023',23946.39,'EUR','','C007','2023',272.988846),('ED1008','A001','4th Qtr 2019',4297881.00,'INR','','C008','2019',48995.8434),('ED1007','A001','Q3-2024',4676770.00,'INR','','C007','2024',53315.178),('ED1008','A004','Q1-2023',4986784.00,'IN RUPEES','','C008','2023',56849.3376),('ED1001','A004','Q3-2019',2410985.00,'INR','','C001','2019',27485.229),('ED1009','A001','Q3-2019',2121905.00,'INR','Seasonal drop in demand','C009','2019',24189.717),('ED1001','A001','Q1-2022',29408.76,'EUR','','C001','2022',335.259864),('ED1007','A001','Q3-2020',1651218.00,'INR','','C007','2020',18823.8852),('ED1002','A002','Q3-2024',13010.41,'USD','','C002','2024',148.318674),('ED1004','A003','Q1-2022',1805533.00,'INR','','C004','2022',20583.0762),('ED1005','A004','2020-Q2',4342961.00,'INR','','C005','2020',49509.7554),('ED1009','A001','4th Qtr 2019',4946735.00,'IN RUPEES','','C009','2019',56392.779),('ED1008','A004','2022-Q2',2400998.00,'IN RUPEES','','C008','2022',27371.3772),('ED1006','A001','Q3-2019',13498.81,'EUR','','C006','2019',153.886434),('ED1001','A003','4th Qtr 2023',1935650.00,'INR','','C001','2023',22066.41),('ED1002','A003','2022-Q2',1132827.00,'INR','','C002','2022',12914.2278),('ED1008','A003','Q1-2020',1284777.00,'INR','','C008','2020',14646.4578),('ED1008','A002','4th Qtr 2020',1144678.00,'INR','','C008','2020',13049.3292),('ED1009','A001','2024-Q2',3173394.00,'INR','','C009','2024',36176.6916),('ED1004','A002','4th Qtr 2022',1148038.00,'INR','','C004','2022',13087.6332),('ED1009','A001','2021-Q2',2275804.00,'INR','','C009','2021',25944.1656),('ED1005','A002','4th Qtr 2019',23777.63,'EUR','','C005','2019',271.064982),('ED1007','A001','4th Qtr 2022',34206.77,'USD','','C007','2022',389.957178),('ED1006','A003','Q3-2023',43606.69,'USD','','C006','2023',497.116266),('ED1003','A001','Q3-2019',4456931.00,'INR','','C003','2019',50809.0134),('ED1007','A002','Q1-2019',4532792.00,'INR','','C007','2019',51673.8288),('ED1008','A003','Q3-2024',2913507.00,'INR','','C008','2024',33213.9798),('ED1007','A003','Q3-2019',25419.59,'EUR','','C007','2019',289.783326),('ED1010','A001','4th Qtr 2021',22988.17,'EUR','','C010','2021',262.065138),('ED1004','A003','Q1-2023',2164635.00,'INR','','C004','2023',24676.839),('ED1009','A004','Q1-2023',42391.37,'USD','','C009','2023',483.261618),('ED1005','A001','4th Qtr 2024',2911066.00,'INR','','C005','2024',33186.1524),('ED1009','A002','Q1-2024',2835620.00,'INR','','C009','2024',32326.068),('ED1007','A004','Q3-2023',27144.10,'EUR','','C007','2023',309.44274),('ED1003','A002','2019-Q2',1889084.00,'INR','','C003','2019',21535.5576),('ED1003','A001','Q1-2019',2958468.00,'INR','','C003','2019',33726.5352),('ED1008','A004','4th Qtr 2020',4540171.00,'INR','','C008','2020',51757.9494),('ED1010','A003','Q3-2020',4185890.00,'INR','','C010','2020',47719.146),('ED1008','A002','4th Qtr 2021',2511683.00,'INR','','C008','2021',28633.1862),('ED1005','A001','Q1-2024',3635048.00,'INR','','C005','2024',41439.5472),('ED1007','A004','Q3-2021',3994862.00,'INR','','C007','2021',45541.4268),('ED1005','A003','Q1-2022',3257281.00,'IN RUPEES','','C005','2022',37133.0034),('ED1003','A002','Q3-2022',4246611.00,'IN RUPEES','','C003','2022',48411.3654),('ED1002','A001','2023-Q2',1007440.00,'INR','','C002','2023',11484.816),('ED1009','A003','4th Qtr 2021',2446120.00,'INR','','C009','2021',27885.768),('ED1002','A003','4th Qtr 2024',4493893.00,'INR','','C002','2024',51230.3802),('ED1010','A001','Q1-2022',1048719.00,'IN RUPEES','','C010','2022',11955.3966),('ED1003','A002','2023-Q2',2682267.00,'INR','','C003','2023',30577.8438),('ED1004','A004','2024-Q2',4408072.00,'INR','','C004','2024',50252.0208),('ED1005','A001','2019-Q2',1441950.00,'IN RUPEES','','C005','2019',16438.23),('ED1006','A003','2022-Q2',2973670.00,'INR','','C006','2022',33899.838),('ED1002','A003','Q1-2023',49507.60,'USD','','C002','2023',564.38664),('ED1003','A003','2022-Q2',4711892.00,'INR','','C003','2022',53715.5688),('ED1003','A002','4th Qtr 2023',1602294.00,'INR','','C003','2023',18266.1516),('ED1007','A003','Q3-2019',1040707.00,'INR','','C007','2019',11864.0598),('ED1004','A001','Q3-2021',3602816.00,'INR','','C004','2021',41072.1024),('ED1006','A002','Q3-2023',3736649.00,'INR','','C006','2023',42597.7986),('ED1009','A003','Q1-2024',3068334.00,'INR','','C009','2024',34979.0076),('ED1002','A001','4th Qtr 2023',4557145.00,'INR','','C002','2023',51951.453),('ED1006','A001','Q3-2022',2584494.00,'INR','','C006','2022',29463.2316),('ED1010','A001','Q3-2021',45408.87,'EUR','','C010','2021',517.661118),('ED1008','A003','Q3-2023',59989.33,'USD','','C008','2023',683.878362),('ED1004','A003','2019-Q2',2572015.00,'INR','','C004','2019',29320.971),('ED1010','A002','2019-Q2',18776.23,'EUR','','C010','2019',214.049022),('ED1009','A003','2021-Q2',4684030.00,'INR','','C009','2021',53397.942),('ED1010','A004','Q3-2019',24847.89,'USD','','C010','2019',283.265946),('ED1009','A003','Q3-2020',1371953.00,'INR','','C009','2020',15640.2642),('ED1006','A003','Q1-2021',32130.26,'EUR','Price hike concern','C006','2021',366.284964),('ED1010','A002','Q1-2023',3081065.00,'IN RUPEES','','C010','2023',35124.141),('ED1008','A001','2019-Q2',38480.02,'EUR','','C008','2019',438.672228),('ED1004','A003','2023-Q2',4961514.00,'INR','','C004','2023',56561.2596),('ED1007','A002','4th Qtr 2019',3446022.00,'IN RUPEES','','C007','2019',39284.6508),('ED1007','A003','2024-Q2',44813.64,'USD','','C007','2024',510.875496),('ED1002','A004','2022-Q2',3894529.00,'INR','','C002','2022',44397.6306),('ED1004','A001','2020-Q2',1711910.00,'INR','','C004','2020',19515.774),('ED1009','A003','Q1-2023',19196.84,'USD','','C009','2023',218.843976),('ED1006','A002','Q1-2020',49948.29,'USD','','C006','2020',569.410506),('ED1004','A002','2020-Q2',42434.93,'EUR','','C004','2020',483.758202),('ED1008','A004','2024-Q2',1714777.00,'INR','','C008','2024',19548.4578),('ED1005','A002','2021-Q2',58809.96,'USD','','C005','2021',670.433544),('ED1006','A001','Q1-2023',3556118.00,'INR','','C006','2023',40539.7452),('ED1009','A003','Q3-2024',3242780.00,'INR','','C009','2024',36967.692),('ED1005','A002','4th Qtr 2024',4284607.00,'INR','','C005','2024',48844.5198),('ED1004','A003','Q3-2022',4130337.00,'IN RUPEES','','C004','2022',47085.8418),('ED1004','A003','Q3-2024',1226711.00,'INR','','C004','2024',13984.5054),('ED1006','A004','2020-Q2',2848489.00,'INR','','C006','2020',32472.7746),('ED1006','A003','Q1-2021',34110.72,'USD','','C006','2021',388.862208),('ED1004','A001','Q3-2019',4186647.00,'INR','','C004','2019',47727.7758),('ED1010','A002','4th Qtr 2021',30534.02,'EUR','','C010','2021',348.087828),('ED1009','A002','4th Qtr 2019',47187.63,'EUR','','C009','2019',537.938982),('ED1007','A004','2022-Q2',18283.01,'USD','','C007','2022',208.426314),('ED1005','A001','4th Qtr 2023',3943869.00,'IN RUPEES','','C005','2023',44960.1066),('ED1008','A003','Q1-2019',1629690.00,'INR','','C008','2019',18578.466),('ED1010','A004','Q1-2024',46596.27,'USD','','C010','2024',531.197478),('ED1010','A003','2020-Q2',50542.95,'USD','','C010','2020',576.18963),('ED1009','A004','4th Qtr 2024',19207.25,'USD','','C009','2024',218.96265),('ED1009','A003','Q1-2022',4592455.00,'INR','','C009','2022',52353.987),('ED1009','A004','Q3-2021',27018.28,'USD','Seasonal drop in demand','C009','2021',308.008392),('ED1008','A001','2023-Q2',4967532.00,'INR','','C008','2023',56629.8648),('ED1009','A003','Q1-2019',21876.51,'EUR','','C009','2019',249.392214),('ED1002','A001','Q1-2020',2646238.00,'INR','','C002','2020',30167.1132),('ED1004','A003','Q1-2021',25762.24,'USD','','C004','2021',293.689536),('ED1003','A004','2020-Q2',2017027.00,'INR','Festive push','C003','2020',22994.1078),('ED1008','A004','Q3-2020',1878059.00,'INR','','C008','2020',21409.8726),('ED1001','A001','4th Qtr 2021',2104949.00,'INR','','C001','2021',23996.4186),('ED1008','A001','Q1-2022',2665096.00,'INR','','C008','2022',30382.0944),('ED1003','A001','Q1-2021',45565.06,'EUR','','C003','2021',519.441684),('ED1009','A002','2022-Q2',1005833.00,'INR','','C009','2022',11466.4962),('ED1009','A003','Q3-2021',2349198.00,'INR','','C009','2021',26780.8572),('ED1010','A002','2021-Q2',3397133.00,'INR','','C010','2021',38727.3162),('ED1002','A001','4th Qtr 2020',2676615.00,'INR','New FMCG client onboarded','C002','2020',30513.411),('ED1008','A002','4th Qtr 2023',4234838.00,'INR','','C008','2023',48277.1532),('ED1004','A001','Q1-2021',2456742.00,'INR','','C004','2021',28006.8588),('ED1008','A004','4th Qtr 2024',1607664.00,'INR','','C008','2024',18327.3696),('ED1007','A004','2021-Q2',1700195.00,'INR','','C007','2021',19382.223),('ED1008','A003','Q1-2023',32444.49,'USD','','C008','2023',369.867186),('ED1009','A004','Q3-2023',3402477.00,'INR','','C009','2023',38788.2378),('ED1003','A002','Q1-2024',3664114.00,'INR','','C003','2024',41770.8996),('ED1006','A001','Q3-2021',16038.69,'USD','','C006','2021',182.841066),('ED1006','A003','Q1-2022',4117736.00,'INR','','C006','2022',46942.1904),('ED1009','A001','Q3-2021',2170763.00,'INR','','C009','2021',24746.6982),('ED1004','A004','Q1-2019',2809027.00,'INR','','C004','2019',32022.9078),('ED1001','A001','2019-Q2',3695135.00,'INR','','C001','2019',42124.539),('ED1009','A003','2024-Q2',1478853.00,'INR','','C009','2024',16858.9242),('ED1008','A001','Q3-2022',4738474.00,'INR','','C008','2022',54018.6036),('ED1002','A004','Q1-2021',4774237.00,'INR','','C002','2021',54426.3018),('ED1008','A003','4th Qtr 2024',39884.89,'USD','','C008','2024',454.687746),('ED1006','A001','4th Qtr 2022',2169207.00,'INR','','C006','2022',24728.9598),('ED1007','A003','4th Qtr 2024',4974528.00,'INR','','C007','2024',56709.6192),('ED1001','A003','4th Qtr 2022',4772787.00,'INR','','C001','2022',54409.7718),('ED1001','A002','Q3-2021',55134.24,'USD','','C001','2021',628.530336),('ED1003','A001','Q3-2023',1973364.00,'INR','','C003','2023',22496.3496),('ED1002','A001','Q1-2024',1394357.00,'INR','','C002','2024',15895.6698),('ED1001','A001','2021-Q2',3966415.00,'INR','','C001','2021',45217.131),('ED1009','A001','Q3-2023',21459.14,'EUR','','C009','2023',244.634196),('ED1004','A002','Q1-2020',1570853.00,'IN RUPEES','','C004','2020',17907.7242),('ED1007','A001','4th Qtr 2023',1612425.00,'INR','','C007','2023',18381.645),('ED1006','A001','Q3-2020',1623335.00,'INR','','C006','2020',18506.019),('ED1005','A001','Q1-2019',36491.02,'USD','','C005','2019',415.997628),('ED1006','A002','4th Qtr 2023',12290.23,'USD','','C006','2023',140.108622),('ED1006','A003','Q3-2021',27832.44,'EUR','New FMCG client onboarded','C006','2021',317.289816),('ED1009','A002','2020-Q2',4660210.00,'INR','','C009','2020',53126.394),('ED1007','A003','Q3-2024',2336952.00,'INR','','C007','2024',26641.2528),('ED1002','A003','Q3-2024',1283216.00,'INR','','C002','2024',14628.6624),('ED1001','A004','Q1-2024',27265.55,'USD','','C001','2024',310.82727),('ED1007','A002','2022-Q2',2425602.00,'INR','','C007','2022',27651.8628),('ED1002','A003','Q3-2023',4724579.00,'IN RUPEES','','C002','2023',53860.2006),('ED1010','A004','2023-Q2',2676505.00,'INR','','C010','2023',30512.157),('ED1008','A001','2020-Q2',1271035.00,'INR','','C008','2020',14489.799),('ED1001','A001','2024-Q2',18571.84,'EUR','','C001','2024',211.718976),('ED1001','A003','Q1-2020',4541077.00,'IN RUPEES','','C001','2020',51768.2778),('ED1003','A003','Q1-2020',40112.34,'EUR','','C003','2020',457.280676),('ED1001','A001','2022-Q2',3205772.00,'INR','','C001','2022',36545.8008),('ED1007','A004','Q1-2024',2112519.00,'INR','','C007','2024',24082.7166),('ED1006','A001','Q3-2020',3687266.00,'INR','','C006','2020',42034.8324),('ED1003','A001','Q3-2022',4205147.00,'INR','','C003','2022',47938.6758),('ED1004','A003','Q1-2019',2265768.00,'INR','','C004','2019',25829.7552),('ED1001','A002','2023-Q2',2483459.00,'INR','','C001','2023',28311.4326),('ED1005','A001','Q1-2023',2150662.00,'INR','Festive push','C005','2023',24517.5468),('ED1005','A002','Q3-2019',2500877.00,'INR','','C005','2019',28509.9978),('ED1004','A003','4th Qtr 2021',2039998.00,'INR','','C004','2021',23255.9772),('ED1007','A003','2021-Q2',4260601.00,'INR','Real estate slowdown','C007','2021',48570.8514),('ED1007','A001','4th Qtr 2020',1338225.00,'INR','','C007','2020',15255.765),('ED1010','A003','4th Qtr 2024',4377444.00,'INR','','C010','2024',49902.8616),('ED1004','A004','2023-Q2',2622090.00,'INR','','C004','2023',29891.826),('ED1003','A001','4th Qtr 2023',2948726.00,'INR','','C003','2023',33615.4764),('ED1003','A001','2020-Q2',2045271.00,'IN RUPEES','Festive push','C003','2020',23316.0894),('ED1008','A001','2023-Q2',16232.37,'USD','','C008','2023',185.049018),('ED1006','A004','2022-Q2',16558.55,'USD','','C006','2022',188.76747),('ED1007','A001','Q3-2022',3711664.00,'IN RUPEES','','C007','2022',42312.9696),('ED1002','A003','4th Qtr 2021',3150304.00,'INR','','C002','2021',35913.4656),('ED1008','A003','Q1-2024',31314.54,'EUR','','C008','2024',356.985756),('ED1006','A001','2021-Q2',26069.72,'EUR','','C006','2021',297.194808),('ED1001','A002','Q1-2019',4435378.00,'INR','','C001','2019',50563.3092),('ED1010','A002','4th Qtr 2020',1990495.00,'INR','','C010','2020',22691.643),('ED1008','A003','4th Qtr 2023',1096674.00,'INR','','C008','2023',12502.0836),('ED1002','A001','Q3-2019',2936467.00,'INR','','C002','2019',33475.7238),('ED1003','A001','Q1-2024',30418.09,'EUR','','C003','2024',346.766226),('ED1001','A003','4th Qtr 2021',30490.96,'USD','','C001','2021',347.596944),('ED1008','A003','2019-Q2',3170086.00,'INR','','C008','2019',36138.9804),('ED1006','A004','Q3-2024',4540957.00,'INR','','C006','2024',51766.9098),('ED1007','A003','4th Qtr 2020',3184920.00,'INR','','C007','2020',36308.088),('ED1006','A004','Q3-2019',4030737.00,'INR','','C006','2019',45950.4018),('ED1002','A001','Q3-2020',40774.12,'USD','','C002','2020',464.824968),('ED1005','A003','2023-Q2',37086.60,'USD','','C005','2023',422.78724),('ED1008','A002','Q1-2024',4624074.00,'INR','','C008','2024',52714.4436),('ED1005','A002','4th Qtr 2023',4129239.00,'INR','','C005','2023',47073.3246),('ED1004','A004','Q1-2021',35273.36,'EUR','','C004','2021',402.116304),('ED1001','A004','Q1-2020',3709171.00,'INR','','C001','2020',42284.5494),('ED1005','A003','2021-Q2',1190378.00,'INR','','C005','2021',13570.3092),('ED1009','A002','Q1-2021',1654700.00,'INR','','C009','2021',18863.58),('ED1006','A001','2021-Q2',4989760.00,'INR','','C006','2021',56883.264),('ED1004','A004','4th Qtr 2023',2078245.00,'INR','','C004','2023',23691.993),('ED1003','A002','4th Qtr 2020',12273.08,'USD','','C003','2020',139.913112),('ED1010','A003','2024-Q2',1682639.00,'INR','','C010','2024',19182.0846),('ED1009','A001','4th Qtr 2024',2630209.00,'INR','','C009','2024',29984.3826),('ED1007','A004','2023-Q2',1600593.00,'INR','','C007','2023',18246.7602),('ED1010','A002','Q3-2023',2398271.00,'INR','','C010','2023',27340.2894),('ED1008','A002','Q1-2019',1676873.00,'INR','','C008','2019',19116.3522),('ED1004','A002','2021-Q2',3087268.00,'INR','','C004','2021',35194.8552),('ED1008','A003','Q1-2024',2895087.00,'INR','Govt. reduced ad spend','C008','2024',33003.9918),('ED1008','A004','4th Qtr 2023',4705301.00,'INR','Festive push','C008','2023',53640.4314),('ED1003','A001','4th Qtr 2022',1450598.00,'INR','','C003','2022',16536.8172),('ED1007','A001','Q3-2022',2773154.00,'INR','','C007','2022',31613.9556),('ED1010','A004','4th Qtr 2021',2003505.00,'INR','','C010','2021',22839.957),('ED1008','A001','Q3-2019',36663.01,'EUR','','C008','2019',417.958314),('ED1001','A002','4th Qtr 2023',48288.12,'EUR','','C001','2023',550.484568),('ED1007','A004','Q3-2022',39750.90,'USD','','C007','2022',453.16026),('ED1008','A001','Q3-2023',1294633.00,'INR','Seasonal drop in demand','C008','2023',14758.8162),('ED1004','A003','Q1-2022',1463619.00,'INR','','C004','2022',16685.2566),('ED1001','A004','4th Qtr 2020',1635330.00,'INR','','C001','2020',18642.762),('ED1005','A001','Q1-2021',1298054.00,'INR','','C005','2021',14797.8156),('ED1007','A001','2021-Q2',48055.07,'USD','','C007','2021',547.827798),('ED1003','A002','2020-Q2',16390.19,'USD','','C003','2020',186.848166),('ED1004','A001','Q1-2024',4137507.00,'IN RUPEES','','C004','2024',47167.5798),('ED1003','A003','4th Qtr 2022',4320534.00,'INR','','C003','2022',49254.0876),('ED1006','A001','Q1-2021',4951068.00,'INR','','C006','2021',56442.1752),('ED1006','A001','2023-Q2',1928197.00,'INR','','C006','2023',21981.4458),('ED1007','A004','4th Qtr 2023',2774254.00,'INR','','C007','2023',31626.4956),('ED1005','A003','Q3-2023',4163232.00,'INR','','C005','2023',47460.8448),('ED1005','A003','Q3-2020',1986578.00,'INR','','C005','2020',22646.9892),('ED1010','A004','Q1-2020',3454438.00,'INR','New FMCG client onboarded','C010','2020',39380.5932),('ED1002','A002','4th Qtr 2023',3263186.00,'INR','','C002','2023',37200.3204),('ED1010','A002','2020-Q2',17146.08,'USD','Price hike concern','C010','2020',195.465312),('ED1002','A002','2021-Q2',1599170.00,'INR','','C002','2021',18230.538),('ED1006','A001','Q1-2020',4563048.00,'INR','','C006','2020',52018.7472),('ED1002','A004','2020-Q2',3624128.00,'INR','','C002','2020',41315.0592),('ED1007','A001','Q1-2021',1095249.00,'INR','','C007','2021',12485.8386),('ED1005','A003','Q3-2022',14633.61,'USD','','C005','2022',166.823154),('ED1003','A003','4th Qtr 2024',2368313.00,'INR','','C003','2024',26998.7682),('ED1007','A003','4th Qtr 2021',2062449.00,'INR','','C007','2021',23511.9186),('ED1002','A001','Q1-2023',2867547.00,'INR','','C002','2023',32690.0358),('ED1009','A004','Q1-2022',4945671.00,'INR','','C009','2022',56380.6494),('ED1001','A001','Q3-2020',2179280.00,'INR','','C001','2020',24843.792),('ED1010','A001','2023-Q2',49436.50,'EUR','','C010','2023',563.5761),('ED1001','A004','4th Qtr 2024',1796584.00,'INR','','C001','2024',20481.0576),('ED1002','A004','4th Qtr 2021',3341770.00,'INR','','C002','2021',38096.178),('ED1004','A001','Q3-2023',35322.16,'USD','','C004','2023',402.672624),('ED1007','A002','2019-Q2',4981620.00,'INR','','C007','2019',56790.468),('ED1002','A003','Q3-2021',17092.90,'USD','Real estate slowdown','C002','2021',194.85906);
/*!40000 ALTER TABLE `fact_ad_revenue` ENABLE KEYS */;
UNLOCK TABLES;

--
-- Table structure for table `fact_city_readiness`
--

DROP TABLE IF EXISTS `fact_city_readiness`;
/*!40101 SET @saved_cs_client     = @@character_set_client */;
/*!50503 SET character_set_client = utf8mb4 */;
CREATE TABLE `fact_city_readiness` (
  `no` int NOT NULL,
  `city_id` varchar(20) DEFAULT NULL,
  `quarter` varchar(50) DEFAULT NULL,
  `literacy_rate` double DEFAULT NULL,
  `smartphone_penetration` double DEFAULT NULL,
  `internet_penetration` double DEFAULT NULL,
  PRIMARY KEY (`no`),
  KEY `fk_fact_city_readiness_dim_city_idx` (`city_id`),
  CONSTRAINT `fk_fact_city_readiness_dim_city` FOREIGN KEY (`city_id`) REFERENCES `dim_city` (`city_id`) ON DELETE CASCADE ON UPDATE CASCADE
) ENGINE=InnoDB DEFAULT CHARSET=utf8mb4 COLLATE=utf8mb4_0900_ai_ci;
/*!40101 SET character_set_client = @saved_cs_client */;

--
-- Dumping data for table `fact_city_readiness`
--

LOCK TABLES `fact_city_readiness` WRITE;
/*!40000 ALTER TABLE `fact_city_readiness` DISABLE KEYS */;
INSERT INTO `fact_city_readiness` VALUES (0,'C001','2019-Q1',89.16,75.76,56.53),(1,'C001','2019-Q2',88.76,76.45,55.97),(2,'C001','2019-Q3',88.83,75.32,56.52),(3,'C001','2019-Q4',89.25,75.83,56.94),(4,'C001','2020-Q1',89.13,75.03,56.45),(5,'C001','2020-Q2',89.06,76.56,56.44),(6,'C001','2020-Q3',89.1,74.44,55.7),(7,'C001','2020-Q4',89.17,76.92,55.74),(8,'C001','2021-Q1',88.99,75.08,55),(9,'C001','2021-Q2',88.94,73.69,58.15),(10,'C001','2021-Q3',89.14,75.25,55.16),(11,'C001','2021-Q4',88.9,74.44,55.71),(12,'C001','2022-Q1',89.18,75.96,55.68),(13,'C001','2022-Q2',88.76,74.47,57.29),(14,'C001','2022-Q3',89.31,74.67,56.11),(15,'C001','2022-Q4',89.19,73.23,57.65),(16,'C001','2023-Q1',89.15,74.67,55.73),(17,'C001','2023-Q2',89.3,72.7,56.68),(18,'C001','2023-Q3',89.43,73.54,55.56),(19,'C001','2023-Q4',89.3,75.88,58.55),(20,'C001','2024-Q1',88.73,75.91,55.21),(21,'C001','2024-Q2',88.84,75.55,56.71),(22,'C001','2024-Q3',88.98,74.15,57.03),(23,'C001','2024-Q4',89.11,75.07,56.81),(24,'C002','2019-Q1',70.7,48.49,48.58),(25,'C002','2019-Q2',70.45,47.33,48.64),(26,'C002','2019-Q3',70.64,49.99,48.81),(27,'C002','2019-Q4',70.45,49.37,48.62),(28,'C002','2020-Q1',70.48,48.27,49.73),(29,'C002','2020-Q2',70.32,48.52,50.98),(30,'C002','2020-Q3',70.42,48.7,48.21),(31,'C002','2020-Q4',70.33,46.45,47.4),(32,'C002','2021-Q1',70.4,48.24,48.68),(33,'C002','2021-Q2',70.81,47.81,51.35),(34,'C002','2021-Q3',70.41,47.49,47.97),(35,'C002','2021-Q4',71.13,48.21,50.41),(36,'C002','2022-Q1',70.7,50.29,50.45),(37,'C002','2022-Q2',70.64,49.13,48.22),(38,'C002','2022-Q3',70.43,47.92,49.34),(39,'C002','2022-Q4',70.74,49.06,50.4),(40,'C002','2023-Q1',70.48,49.89,48.39),(41,'C002','2023-Q2',70.62,49.41,48.57),(42,'C002','2023-Q3',71.11,48.55,48.19),(43,'C002','2023-Q4',70.58,47.84,47.76),(44,'C002','2024-Q1',70.83,49.19,48.12),(45,'C002','2024-Q2',70.46,48.88,47.55),(46,'C002','2024-Q3',70.59,49.39,48.8),(47,'C002','2024-Q4',70.95,49.13,48),(48,'C003','2019-Q1',82.57,71.39,66.77),(49,'C003','2019-Q2',83.06,69.8,64.98),(50,'C003','2019-Q3',82.84,71.66,66.87),(51,'C003','2019-Q4',82.59,70.54,67.37),(52,'C003','2020-Q1',82.83,72.42,64.55),(53,'C003','2020-Q2',82.89,69.65,66.91),(54,'C003','2020-Q3',82.82,72.08,67.77),(55,'C003','2020-Q4',82.39,70.54,65.33),(56,'C003','2021-Q1',82.55,69.69,68.21),(57,'C003','2021-Q2',82.65,69.86,66.96),(58,'C003','2021-Q3',82.69,70.02,65.83),(59,'C003','2021-Q4',82.82,70.76,66.48),(60,'C003','2022-Q1',82.74,70.86,67.1),(61,'C003','2022-Q2',82.43,69.77,66.62),(62,'C003','2022-Q3',82.78,70.32,67.08),(63,'C003','2022-Q4',82.82,72.48,65.62),(64,'C003','2023-Q1',82.81,72.07,66.71),(65,'C003','2023-Q2',82.92,70.78,65.13),(66,'C003','2023-Q3',82.87,70.38,66.43),(67,'C003','2023-Q4',82.79,70.46,65.64),(68,'C003','2024-Q1',82.69,70.95,65.8),(69,'C003','2024-Q2',82.37,69.32,67.78),(70,'C003','2024-Q3',82.79,70.08,67.63),(71,'C003','2024-Q4',82.74,68.67,67.15),(72,'C004','2019-Q1',75.69,68.49,66.51),(73,'C004','2019-Q2',75.38,68.74,67.28),(74,'C004','2019-Q3',75.42,67.61,68.81),(75,'C004','2019-Q4',75.85,69.66,67.74),(76,'C004','2020-Q1',75.63,66.86,69.92),(77,'C004','2020-Q2',75.78,66.63,67.99),(78,'C004','2020-Q3',75.65,68.31,67.79),(79,'C004','2020-Q4',75.65,69.14,67.29),(80,'C004','2021-Q1',75.83,69.77,67.73),(81,'C004','2021-Q2',75.54,67.63,67.45),(82,'C004','2021-Q3',75.66,69.17,68.31),(83,'C004','2021-Q4',75.55,68.05,68.56),(84,'C004','2022-Q1',75.55,67.92,66.81),(85,'C004','2022-Q2',75.58,68.97,66.27),(86,'C004','2022-Q3',75.68,68.74,65.76),(87,'C004','2022-Q4',75.54,66.51,68.11),(88,'C004','2023-Q1',75.89,69.57,66.5),(89,'C004','2023-Q2',75.46,69.47,65.45),(90,'C004','2023-Q3',75.6,67.46,67.99),(91,'C004','2023-Q4',75.55,68.49,70.09),(92,'C004','2024-Q1',75.93,68.58,67.59),(93,'C004','2024-Q2',75.68,68.35,68.44),(94,'C004','2024-Q3',75.85,67.54,67.68),(95,'C004','2024-Q4',75.34,67.42,67.5),(96,'C005','2019-Q1',84.85,70.31,10),(97,'C005','2019-Q2',84.98,71.51,10),(98,'C005','2019-Q3',84.82,70.88,10),(99,'C005','2019-Q4',85.01,69.97,10),(100,'C005','2020-Q1',84.7,71.11,10),(101,'C005','2020-Q2',85.08,67.49,10),(102,'C005','2020-Q3',85.26,71.49,10),(103,'C005','2020-Q4',84.73,68.6,10),(104,'C005','2021-Q1',84.71,69.98,10),(105,'C005','2021-Q2',85.09,69.22,10),(106,'C005','2021-Q3',85.12,69.05,10),(107,'C005','2021-Q4',84.7,71.5,10),(108,'C005','2022-Q1',84.72,69.87,10),(109,'C005','2022-Q2',84.74,70.69,10),(110,'C005','2022-Q3',84.53,70.29,10),(111,'C005','2022-Q4',84.62,70.82,10),(112,'C005','2023-Q1',84.6,70.42,10),(113,'C005','2023-Q2',84.65,69.06,10),(114,'C005','2023-Q3',84.79,71.34,10),(115,'C005','2023-Q4',84.85,69.85,10),(116,'C005','2024-Q1',85.11,68.78,10),(117,'C005','2024-Q2',84.6,69.91,10),(118,'C005','2024-Q3',85,71.84,10),(119,'C005','2024-Q4',84.76,71.19,10),(120,'C006','2019-Q1',81.85,47.99,74.58),(121,'C006','2019-Q2',81.99,47.99,75.05),(122,'C006','2019-Q3',81.64,48.02,74.45),(123,'C006','2019-Q4',81.94,50.42,75.01),(124,'C006','2020-Q1',81.89,48.72,74.58),(125,'C006','2020-Q2',81.96,48.77,72.54),(126,'C006','2020-Q3',81.92,49.37,73.58),(127,'C006','2020-Q4',82.35,48.58,74.38),(128,'C006','2021-Q1',81.73,48.08,73.31),(129,'C006','2021-Q2',81.75,48.14,75.12),(130,'C006','2021-Q3',81.74,48.27,76.05),(131,'C006','2021-Q4',81.75,48.3,75.74),(132,'C006','2022-Q1',81.73,49.07,74.31),(133,'C006','2022-Q2',82.1,48.39,76.01),(134,'C006','2022-Q3',82.14,49.07,74.67),(135,'C006','2022-Q4',81.75,48.26,74.18),(136,'C006','2023-Q1',81.69,48.42,73.91),(137,'C006','2023-Q2',81.95,46.34,74.22),(138,'C006','2023-Q3',81.75,49.26,74.13),(139,'C006','2023-Q4',81.99,48.69,74.69),(140,'C006','2024-Q1',81.9,49.34,74.68),(141,'C006','2024-Q2',81.56,45.44,74.52),(142,'C006','2024-Q3',82.17,50.43,74.96),(143,'C006','2024-Q4',82.22,48.2,75.71),(144,'C007','2019-Q1',66.27,77.71,63.9),(145,'C007','2019-Q2',66.31,75.56,61.47),(146,'C007','2019-Q3',66.45,77.21,60.4),(147,'C007','2019-Q4',66.46,75.55,63.88),(148,'C007','2020-Q1',66.52,75.98,61.58),(149,'C007','2020-Q2',66.79,78.51,62.73),(150,'C007','2020-Q3',66.35,76.41,61.78),(151,'C007','2020-Q4',66.23,76.82,61.15),(152,'C007','2021-Q1',66.11,77.47,63.49),(153,'C007','2021-Q2',66.24,77.1,63.71),(154,'C007','2021-Q3',66.38,76.75,62.37),(155,'C007','2021-Q4',66.75,76.96,60.36),(156,'C007','2022-Q1',66.29,79,62.4),(157,'C007','2022-Q2',66.43,76.54,63.34),(158,'C007','2022-Q3',66.39,76.8,61.47),(159,'C007','2022-Q4',66.63,77.65,63.13),(160,'C007','2023-Q1',66.9,77.71,62.93),(161,'C007','2023-Q2',66.28,77.79,63.53),(162,'C007','2023-Q3',66.29,77.24,63.07),(163,'C007','2023-Q4',66.6,75.46,61.98),(164,'C007','2024-Q1',66.53,78.23,64.15),(165,'C007','2024-Q2',66.76,75.45,62.79),(166,'C007','2024-Q3',66.51,76.9,62.92),(167,'C007','2024-Q4',66.32,75.85,62.02),(168,'C008','2019-Q1',71.34,78.74,74.5),(169,'C008','2019-Q2',71.44,79.13,74.06),(170,'C008','2019-Q3',71.38,79.12,74.77),(171,'C008','2019-Q4',71.32,79.22,76.65),(172,'C008','2020-Q1',71.43,80.41,73.57),(173,'C008','2020-Q2',71.45,79.25,73.33),(174,'C008','2020-Q3',71.5,78.56,76.41),(175,'C008','2020-Q4',71.35,79.76,74.73),(176,'C008','2021-Q1',71.19,79.99,74.27),(177,'C008','2021-Q2',71.25,77.57,75.98),(178,'C008','2021-Q3',71.46,79.4,74.33),(179,'C008','2021-Q4',71.06,79.5,76.77),(180,'C008','2022-Q1',71.29,78.5,75.62),(181,'C008','2022-Q2',71.14,80.18,74.45),(182,'C008','2022-Q3',71.23,78.65,77.1),(183,'C008','2022-Q4',71.48,78.93,74.33),(184,'C008','2023-Q1',71.26,78.63,75.68),(185,'C008','2023-Q2',71.23,78.82,75.24),(186,'C008','2023-Q3',70.95,77.7,76.24),(187,'C008','2023-Q4',71.37,77.36,76.5),(188,'C008','2024-Q1',71.35,80.39,74.97),(189,'C008','2024-Q2',71.65,77.95,74.19),(190,'C008','2024-Q3',71.16,77.81,75.4),(191,'C008','2024-Q4',71.26,76.65,74.26),(192,'C009','2019-Q1',75.15,67.85,76.09),(193,'C009','2019-Q2',75.42,67.17,74.22),(194,'C009','2019-Q3',75.08,70.13,73.71),(195,'C009','2019-Q4',75.16,69.5,74.26),(196,'C009','2020-Q1',75.22,67.8,72.73),(197,'C009','2020-Q2',75.14,70.74,73.11),(198,'C009','2020-Q3',75.01,69.47,75.28),(199,'C009','2020-Q4',75.14,68.17,73.42),(200,'C009','2021-Q1',75.31,65.99,73.03),(201,'C009','2021-Q2',74.89,70.78,74.62),(202,'C009','2021-Q3',75.13,67.1,75.27),(203,'C009','2021-Q4',74.96,66.84,74.8),(204,'C009','2022-Q1',75.34,69.51,75.08),(205,'C009','2022-Q2',74.8,70.93,73.32),(206,'C009','2022-Q3',74.99,69.87,72.66),(207,'C009','2022-Q4',75.18,69.05,75.58),(208,'C009','2023-Q1',75.41,69.08,73.76),(209,'C009','2023-Q2',75.09,69.34,73.83),(210,'C009','2023-Q3',74.99,69.25,75.41),(211,'C009','2023-Q4',75.48,68.77,74.64),(212,'C009','2024-Q1',74.81,68.59,74.54),(213,'C009','2024-Q2',74.66,68.43,76.25),(214,'C009','2024-Q3',75.19,67.74,73.44),(215,'C009','2024-Q4',75,68.21,75.01),(216,'C010','2019-Q1',70.5,75.62,74.61),(217,'C010','2019-Q2',70.84,77.21,74.82),(218,'C010','2019-Q3',70.75,76.32,76.08),(219,'C010','2019-Q4',70.59,76.21,75.06),(220,'C010','2020-Q1',70.44,77.49,75.09),(221,'C010','2020-Q2',70.87,78.7,75.62),(222,'C010','2020-Q3',70.83,78.23,74.19),(223,'C010','2020-Q4',70.68,75.74,73.71),(224,'C010','2021-Q1',71.07,76.32,73.51),(225,'C010','2021-Q2',70.49,78.25,72.58),(226,'C010','2021-Q3',70.39,76.33,76.61),(227,'C010','2021-Q4',70.56,77.09,73.45),(228,'C010','2022-Q1',70.69,77.86,74.33),(229,'C010','2022-Q2',70.75,76.34,74.27),(230,'C010','2022-Q3',70.65,77.42,74.86),(231,'C010','2022-Q4',70.77,75.98,75.37),(232,'C010','2023-Q1',70.45,76.71,75.41),(233,'C010','2023-Q2',70.99,77.63,73.97),(234,'C010','2023-Q3',70.68,75.72,74.38),(235,'C010','2023-Q4',70.92,77.75,74.83),(236,'C010','2024-Q1',70.77,77.29,74.3),(237,'C010','2024-Q2',70.79,77.86,76.16),(238,'C010','2024-Q3',70.81,77.53,75.04),(239,'C010','2024-Q4',70.79,78.67,75.28);
/*!40000 ALTER TABLE `fact_city_readiness` ENABLE KEYS */;
UNLOCK TABLES;

--
-- Table structure for table `fact_digital_pilot`
--

DROP TABLE IF EXISTS `fact_digital_pilot`;
/*!40101 SET @saved_cs_client     = @@character_set_client */;
/*!50503 SET character_set_client = utf8mb4 */;
CREATE TABLE `fact_digital_pilot` (
  `no` int NOT NULL,
  `platform` varchar(100) DEFAULT NULL,
  `ad_category_id` varchar(20) DEFAULT NULL,
  `dev_cost` int DEFAULT NULL,
  `marketing_cost` int DEFAULT NULL,
  `users_reached` int DEFAULT NULL,
  `downloads_or_accesses` int DEFAULT NULL,
  `avg_bounce_rate` double DEFAULT NULL,
  `cumulative_feedback_from_customers` varchar(10000) DEFAULT NULL,
  `city_id` varchar(20) DEFAULT NULL,
  `launch_Month` date DEFAULT NULL,
  PRIMARY KEY (`no`),
  KEY `fk_fact_digital_pilot_dim_city_idx` (`city_id`),
  KEY `fk_fact_digital_pilot_dim_ad_category_idx` (`ad_category_id`),
  CONSTRAINT `fk_fact_digital_pilot_dim_ad_category` FOREIGN KEY (`ad_category_id`) REFERENCES `dim_ad_category` (`ad_category_id`),
  CONSTRAINT `fk_fact_digital_pilot_dim_city` FOREIGN KEY (`city_id`) REFERENCES `dim_city` (`city_id`) ON DELETE CASCADE ON UPDATE CASCADE
) ENGINE=InnoDB DEFAULT CHARSET=utf8mb4 COLLATE=utf8mb4_0900_ai_ci;
/*!40101 SET character_set_client = @saved_cs_client */;

--
-- Dumping data for table `fact_digital_pilot`
--

LOCK TABLES `fact_digital_pilot` WRITE;
/*!40000 ALTER TABLE `fact_digital_pilot` DISABLE KEYS */;
INSERT INTO `fact_digital_pilot` VALUES (0,'PDF WhatsApp Push','A001',236570,66060,23509,16319,52.55,'Mixed feedback: some usability concerns, but high interest in WhatsApp format.','C001','2021-01-01'),(1,'PDF WhatsApp Push','A001',156865,99122,19472,17017,82.53,'Mixed feedback: some usability concerns, but high interest in WhatsApp format.','C002','2021-02-01'),(2,'PDF WhatsApp Push','A001',242728,46087,8471,2891,68.06,'Mixed feedback: some usability concerns, but high interest in WhatsApp format.','C003','2021-03-01'),(3,'PDF WhatsApp Push','A001',147695,78868,46796,15640,66.17,'Mixed feedback: some usability concerns, but high interest in WhatsApp format.','C004','2021-04-01'),(4,'PDF WhatsApp Push','A001',325906,135644,16805,3231,76.9,'The site takes too long to load on average phones.\nPeople didnt wait around.','C005','2021-05-01'),(5,'PDF WhatsApp Push','A001',248972,53225,35268,16551,45.74,'Mixed feedback: some usability concerns, but high interest in WhatsApp format.','C006','2021-06-01'),(6,'PDF WhatsApp Push','A001',197235,36643,13329,6091,83.01,'Mixed feedback: some usability concerns, but high interest in WhatsApp format.','C007','2021-07-01'),(7,'PDF WhatsApp Push','A001',188777,66727,39865,17866,76.14,'Mixed feedback: some usability concerns, but high interest in WhatsApp format.','C008','2021-08-01'),(8,'PDF WhatsApp Push','A001',99033,41005,33272,28073,43.38,'Mixed feedback: some usability concerns, but high interest in WhatsApp format.','C009','2021-09-01'),(9,'PDF WhatsApp Push','A001',221877,95697,47845,21517,75.39,'Mixed feedback: some usability concerns, but high interest in WhatsApp format.','C010','2021-10-01'),(10,'PDF WhatsApp Push','A001',246923,46029,11397,5278,67.18,'Mixed feedback: some usability concerns, but high interest in WhatsApp format.','C001','2021-11-01'),(11,'PDF WhatsApp Push','A001',106832,44226,37373,28240,44.09,'Mixed feedback: some usability concerns, but high interest in WhatsApp format.','C002','2021-12-01'),(12,'E-paper Mobile Web','A003',195725,93646,40525,23092,62.92,'Mixed feedback: some usability concerns, but high interest in WhatsApp format.','C003','2021-01-01'),(13,'E-paper Mobile Web','A003',225016,90603,29570,22651,64.23,'Mixed feedback: some usability concerns, but high interest in WhatsApp format.','C004','2021-02-01'),(14,'E-paper Mobile Web','A003',99873,58731,23284,7898,48.29,'Mixed feedback: some usability concerns, but high interest in WhatsApp format.','C005','2021-03-01'),(15,'E-paper Mobile Web','A003',120372,98926,23994,14217,87.28,'Mixed feedback: some usability concerns, but high interest in WhatsApp format.','C006','2021-04-01'),(16,'E-paper Mobile Web','A003',169464,35997,28284,9055,82.5,'Mixed feedback: some usability concerns, but high interest in WhatsApp format.','C007','2021-05-01'),(17,'E-paper Mobile Web','A003',338339,82663,26785,4784,77.8,'Many said font was too tiny to read.\nZooming didnt help on small screens.','C008','2021-06-01'),(18,'E-paper Mobile Web','A003',226451,85506,22833,7708,73.45,'Mixed feedback: some usability concerns, but high interest in WhatsApp format.','C009','2021-07-01'),(19,'E-paper Mobile Web','A003',197322,79815,30122,25418,63.11,'Mixed feedback: some usability concerns, but high interest in WhatsApp format.','C010','2021-08-01'),(20,'E-paper Mobile Web','A003',247823,72092,10017,3841,60.59,'Mixed feedback: some usability concerns, but high interest in WhatsApp format.','C001','2021-09-01'),(21,'E-paper Mobile Web','A003',180082,92539,21370,13237,72.55,'Mixed feedback: some usability concerns, but high interest in WhatsApp format.','C002','2021-10-01'),(22,'E-paper Mobile Web','A003',85110,96077,34252,18724,67.27,'Mixed feedback: some usability concerns, but high interest in WhatsApp format.','C003','2021-11-01'),(23,'E-paper Mobile Web','A003',92087,51817,12999,6608,43.11,'Mixed feedback: some usability concerns, but high interest in WhatsApp format.','C004','2021-12-01'),(24,'Mobile App Beta','A002',234834,67861,27436,23043,65.63,'Mixed feedback: some usability concerns, but high interest in WhatsApp format.','C005','2021-01-01'),(25,'Mobile App Beta','A002',415324,120038,22251,7564,77.1,'Many said font was too tiny to read.\nZooming didnt help on small screens.','C006','2021-02-01'),(26,'Mobile App Beta','A002',162617,43428,47963,15016,80.32,'Mixed feedback: some usability concerns, but high interest in WhatsApp format.','C007','2021-03-01'),(27,'Mobile App Beta','A002',180483,73934,7096,4954,62.96,'Mixed feedback: some usability concerns, but high interest in WhatsApp format.','C008','2021-04-01'),(28,'Mobile App Beta','A002',89596,40258,30279,26586,42.6,'Mixed feedback: some usability concerns, but high interest in WhatsApp format.','C009','2021-05-01'),(29,'Mobile App Beta','A002',187539,87775,48363,30763,79.31,'Mixed feedback: some usability concerns, but high interest in WhatsApp format.','C010','2021-06-01'),(30,'Mobile App Beta','A002',98313,35469,31201,26898,50.07,'Mixed feedback: some usability concerns, but high interest in WhatsApp format.','C001','2021-07-01'),(31,'Mobile App Beta','A002',193175,58854,24715,8189,52.93,'Mixed feedback: some usability concerns, but high interest in WhatsApp format.','C002','2021-08-01'),(32,'Mobile App Beta','A002',194914,36256,34309,18913,48.24,'Mixed feedback: some usability concerns, but high interest in WhatsApp format.','C003','2021-09-01'),(33,'Mobile App Beta','A002',103705,63937,20078,9157,56.51,'Mixed feedback: some usability concerns, but high interest in WhatsApp format.','C004','2021-10-01'),(34,'Mobile App Beta','A002',153445,31651,10105,7462,77.84,'Mixed feedback: some usability concerns, but high interest in WhatsApp format.','C005','2021-11-01'),(35,'Mobile App Beta','A002',183892,80288,34312,30495,65.97,'Mixed feedback: some usability concerns, but high interest in WhatsApp format.','C006','2021-12-01'),(36,'Responsive Web Version','A004',82023,55051,7839,3558,50.24,'Mixed feedback: some usability concerns, but high interest in WhatsApp format.','C007','2021-01-01'),(37,'Responsive Web Version','A004',199654,57386,8384,5805,83.89,'Mixed feedback: some usability concerns, but high interest in WhatsApp format.','C008','2021-02-01'),(38,'Responsive Web Version','A004',160073,46184,48619,20364,83.98,'Mixed feedback: some usability concerns, but high interest in WhatsApp format.','C009','2021-03-01'),(39,'Responsive Web Version','A004',262756,167913,16821,5065,81.3,'','C010','2021-04-01'),(40,'Responsive Web Version','A004',172197,63787,47821,30567,83.53,'Mixed feedback: some usability concerns, but high interest in WhatsApp format.','C001','2021-05-01'),(41,'Responsive Web Version','A004',144429,51621,18493,10695,51.94,'Mixed feedback: some usability concerns, but high interest in WhatsApp format.','C002','2021-06-01'),(42,'Responsive Web Version','A004',184195,89792,22069,19491,62.56,'Mixed feedback: some usability concerns, but high interest in WhatsApp format.','C003','2021-07-01'),(43,'Responsive Web Version','A004',113848,75253,12531,8334,89.25,'Mixed feedback: some usability concerns, but high interest in WhatsApp format.','C004','2021-08-01'),(44,'Responsive Web Version','A004',248876,64051,42051,21433,78.6,'Mixed feedback: some usability concerns, but high interest in WhatsApp format.','C005','2021-09-01'),(45,'Responsive Web Version','A004',226451,79811,12736,4692,41.36,'Mixed feedback: some usability concerns, but high interest in WhatsApp format.','C006','2021-10-01'),(46,'Responsive Web Version','A004',107766,60447,12710,4966,43.26,'Mixed feedback: some usability concerns, but high interest in WhatsApp format.','C007','2021-11-01'),(47,'Responsive Web Version','A004',148099,60254,6619,2880,63.2,'Mixed feedback: some usability concerns, but high interest in WhatsApp format.','C008','2021-12-01');
/*!40000 ALTER TABLE `fact_digital_pilot` ENABLE KEYS */;
UNLOCK TABLES;

--
-- Table structure for table `fact_print_sales`
--

DROP TABLE IF EXISTS `fact_print_sales`;
/*!40101 SET @saved_cs_client     = @@character_set_client */;
/*!50503 SET character_set_client = utf8mb4 */;
CREATE TABLE `fact_print_sales` (
  `edition_ID` varchar(20) DEFAULT NULL,
  `City_ID` varchar(20) DEFAULT NULL,
  `Language` varchar(50) DEFAULT NULL,
  `State` varchar(100) DEFAULT NULL,
  `Copies Sold` int DEFAULT NULL,
  `copies_returned` int DEFAULT NULL,
  `Net_Circulation` int DEFAULT NULL,
  `Month` date DEFAULT NULL,
  `year` varchar(20) DEFAULT NULL,
  KEY `fk_fact_print_sales_dim_city_idx` (`City_ID`),
  CONSTRAINT `fk_fact_print_sales_dim_city` FOREIGN KEY (`City_ID`) REFERENCES `dim_city` (`city_id`) ON DELETE CASCADE ON UPDATE CASCADE
) ENGINE=InnoDB DEFAULT CHARSET=utf8mb4 COLLATE=utf8mb4_0900_ai_ci;
/*!40101 SET character_set_client = @saved_cs_client */;

--
-- Dumping data for table `fact_print_sales`
--

LOCK TABLES `fact_print_sales` WRITE;
/*!40000 ALTER TABLE `fact_print_sales` DISABLE KEYS */;
INSERT INTO `fact_print_sales` VALUES ('ED1005','C005','Hindi','Rajasthan',492394,15835,476559,'2019-04-01','2019'),('ED1005','C005','Hindi','Rajasthan',488725,16187,472538,'2019-12-01','2019'),('ED1010','C010','Hindi','Uttar-Pradesh',480926,35500,445426,'2019-05-01','2019'),('ED1005','C005','Hindi','Rajasthan',472940,35570,437370,'2020-09-01','2020'),('ED1005','C005','Hindi','Rajasthan',460138,25817,434321,'2020-10-01','2020'),('ED1010','C010','Hindi','Uttar-Pradesh',439256,15046,424210,'2020-08-01','2020'),('ED1005','C005','Hindi','Rajasthan',407058,26710,380348,'2023-03-01','2023'),('ED1002','C002','ENGLISH','Delhi',400587,29577,371010,'2019-11-01','2019'),('ED1005','C005','Hindi','Rajasthan',398343,21392,376951,'2022-02-01','2022'),('ED1008','C008','Hindi','Uttar Pradesh',398299,16477,381822,'2019-04-01','2019'),('ED1010','C010','Hindi','Uttar-Pradesh',386914,26298,360616,'2023-10-01','2023'),('ED1008','C008','Hindi','Uttar Pradesh',383817,30508,353309,'2019-09-01','2019'),('ED1002','C002','ENGLISH','Delhi',379822,21149,358673,'2019-08-01','2019'),('ED1002','C002','ENGLISH','Delhi',374554,13628,360926,'2020-04-01','2020'),('ED1008','C008','Hindi','Uttar Pradesh',372778,24066,348712,'2019-02-01','2019'),('ED1005','C005','Hindi','Rajasthan',370926,25113,345813,'2023-10-01','2023'),('ED1008','C008','Hindi','Uttar Pradesh',370090,13357,356733,'2020-02-01','2020'),('ED1006','C006','english','maharashtra',361828,17506,344322,'2022-02-01','2022'),('ED1002','C002','ENGLISH','Delhi',360098,17536,342562,'2020-10-01','2020'),('ED1008','C008','Hindi','Uttar Pradesh',357592,13802,343790,'2020-01-01','2020'),('ED1006','C006','english','maharashtra',356241,19228,337013,'2022-06-01','2022'),('ED1006','C006','english','maharashtra',351024,15435,335589,'2023-03-01','2023'),('ED1006','C006','english','maharashtra',324550,20306,304244,'2023-08-01','2023'),('ED1009','C009','Hindi','gujarat',321881,22403,299478,'2020-06-01','2020'),('ED1006','C006','english','maharashtra',321671,23740,297931,'2023-12-01','2023'),('ED1009','C009','Hindi','gujarat',319761,24569,295192,'2020-12-01','2020'),('ED1009','C009','Hindi','gujarat',312856,13297,299559,'2019-08-01','2019'),('ED1008','C008','Hindi','Uttar Pradesh',310510,14711,295799,'2023-05-01','2023'),('ED1009','C009','Hindi','gujarat',301605,15271,286334,'2021-06-01','2021'),('ED1002','C002','ENGLISH','Delhi',300381,16472,283909,'2023-10-01','2023'),('ED1003','C003','Hindi','Madhya_Pradesh',296371,14509,281862,'2019-03-01','2019'),('ED1009','C009','Hindi','gujarat',295294,20493,274801,'2020-10-01','2020'),('ED1008','C008','Hindi','Uttar Pradesh',295287,12082,283205,'2023-03-01','2023'),('ED1002','C002','ENGLISH','Delhi',292026,19106,272920,'2024-09-01','2024'),('ED1008','C008','Hindi','Uttar Pradesh',284706,20245,264461,'2024-03-01','2024'),('ED1009','C009','Hindi','gujarat',284209,8863,275346,'2021-05-01','2021'),('ED1002','C002','ENGLISH','Delhi',273965,21792,252173,'2024-05-01','2024'),('ED1004','C004','Hindi','bihar',271003,20167,250836,'2019-12-01','2019'),('ED1003','C003','Hindi','Madhya_Pradesh',267971,15069,252902,'2020-02-01','2020'),('ED1003','C003','Hindi','Madhya_Pradesh',258144,8017,250127,'2021-06-01','2021'),('ED1009','C009','Hindi','gujarat',253619,9662,243957,'2023-01-01','2023'),('ED1009','C009','Hindi','gujarat',247679,19108,228571,'2024-11-01','2024'),('ED1007','C007','Hindi','Jharkhand',244928,12322,232606,'2019-09-01','2019'),('ED1007','C007','Hindi','Jharkhand',241631,17057,224574,'2020-12-01','2020'),('ED1007','C007','Hindi','Jharkhand',235511,7237,228274,'2020-09-01','2020'),('ED1007','C007','Hindi','Jharkhand',234837,17358,217479,'2020-06-01','2020'),('ED1004','C004','Hindi','bihar',232759,14188,218571,'2021-12-01','2021'),('ED1007','C007','Hindi','Jharkhand',230861,9420,221441,'2021-09-01','2021'),('ED1004','C004','Hindi','bihar',225790,8189,217601,'2022-05-01','2022'),('ED1004','C004','Hindi','bihar',222260,14531,207729,'2022-09-01','2022'),('ED1003','C003','Hindi','Madhya_Pradesh',219522,16943,202579,'2023-11-01','2023'),('ED1004','C004','Hindi','bihar',217818,10245,207573,'2022-06-01','2022'),('ED1003','C003','Hindi','Madhya_Pradesh',217132,7711,209421,'2023-10-01','2023'),('ED1004','C004','Hindi','bihar',216732,11385,205347,'2023-06-01','2023'),('ED1007','C007','Hindi','Jharkhand',216680,7052,209628,'2022-11-01','2022'),('ED1003','C003','Hindi','Madhya_Pradesh',212594,8304,204290,'2024-01-01','2024'),('ED1001','C001','hindi','Uttar pradesh',204356,13975,190381,'2020-10-01','2020'),('ED1001','C001','hindi','Uttar pradesh',201220,6569,194651,'2019-04-01','2019'),('ED1007','C007','Hindi','Jharkhand',198669,15025,183644,'2023-01-01','2023'),('ED1004','C004','Hindi','bihar',197776,7686,190090,'2024-01-01','2024'),('ED1001','C001','hindi','Uttar pradesh',192181,10922,181259,'2021-05-01','2021'),('ED1001','C001','hindi','Uttar pradesh',190618,7629,182989,'2020-05-01','2020'),('ED1007','C007','Hindi','Jharkhand',182586,9562,173024,'2024-04-01','2024'),('ED1001','C001','hindi','Uttar pradesh',172787,5803,166984,'2023-10-01','2023'),('ED1001','C001','hindi','Uttar pradesh',170434,5732,164702,'2023-01-01','2023'),('ED1001','C001','hindi','Uttar pradesh',152122,7049,145073,'2024-12-01','2024'),('ED1005','C005','Hindi','Rajasthan',511248,26801,484447,'2019-09-01','2019'),('ED1010','C010','Hindi','Uttar-Pradesh',507012,19757,487255,'2019-10-01','2019'),('ED1010','C010','Hindi','Uttar-Pradesh',506401,28703,477698,'2019-09-01','2019'),('ED1010','C010','Hindi','Uttar-Pradesh',502705,29789,472916,'2019-08-01','2019'),('ED1010','C010','Hindi','Uttar-Pradesh',500432,38021,462411,'2019-12-01','2019'),('ED1010','C010','Hindi','Uttar-Pradesh',500405,28526,471879,'2019-03-01','2019'),('ED1010','C010','Hindi','Uttar-Pradesh',499292,22929,476363,'2019-02-01','2019'),('ED1005','C005','Hindi','Rajasthan',498423,30933,467490,'2019-05-01','2019'),('ED1005','C005','Hindi','Rajasthan',495839,27892,467947,'2019-07-01','2019'),('ED1005','C005','Hindi','Rajasthan',495689,20328,475361,'2019-11-01','2019'),('ED1010','C010','Hindi','Uttar-Pradesh',495571,36995,458576,'2019-04-01','2019'),('ED1005','C005','Hindi','Rajasthan',492943,25024,467919,'2019-03-01','2019'),('ED1010','C010','Hindi','Uttar-Pradesh',489575,27396,462179,'2019-06-01','2019'),('ED1005','C005','Hindi','Rajasthan',483654,14859,468795,'2020-06-01','2020'),('ED1010','C010','Hindi','Uttar-Pradesh',479906,26402,453504,'2020-09-01','2020'),('ED1010','C010','Hindi','Uttar-Pradesh',478384,26410,451974,'2019-07-01','2019'),('ED1005','C005','Hindi','Rajasthan',478235,17663,460572,'2019-10-01','2019'),('ED1005','C005','Hindi','Rajasthan',477280,23079,454201,'2020-11-01','2020'),('ED1010','C010','Hindi','Uttar-Pradesh',477141,16661,460480,'2020-03-01','2020'),('ED1005','C005','Hindi','Rajasthan',476937,25474,451463,'2019-01-01','2019'),('ED1010','C010','Hindi','Uttar-Pradesh',474884,33059,441825,'2020-12-01','2020'),('ED1005','C005','Hindi','Rajasthan',474645,20349,454296,'2019-06-01','2019'),('ED1005','C005','Hindi','Rajasthan',474309,17406,456903,'2019-02-01','2019'),('ED1005','C005','Hindi','Rajasthan',473341,22205,451136,'2020-12-01','2020'),('ED1005','C005','Hindi','Rajasthan',472599,18809,453790,'2019-08-01','2019'),('ED1010','C010','Hindi','Uttar-Pradesh',470435,37574,432861,'2019-01-01','2019'),('ED1010','C010','Hindi','Uttar-Pradesh',468330,22547,445783,'2020-11-01','2020'),('ED1010','C010','Hindi','Uttar-Pradesh',465825,29362,436463,'2020-07-01','2020'),('ED1010','C010','Hindi','Uttar-Pradesh',464625,33019,431606,'2019-11-01','2019'),('ED1005','C005','Hindi','Rajasthan',457401,22914,434487,'2020-05-01','2020'),('ED1010','C010','Hindi','Uttar-Pradesh',456793,23564,433229,'2020-02-01','2020'),('ED1010','C010','Hindi','Uttar-Pradesh',455526,21880,433646,'2020-04-01','2020'),('ED1005','C005','Hindi','Rajasthan',454923,29154,425769,'2021-03-01','2021'),('ED1005','C005','Hindi','Rajasthan',452804,14119,438685,'2021-04-01','2021'),('ED1005','C005','Hindi','Rajasthan',449446,23943,425503,'2020-04-01','2020'),('ED1005','C005','Hindi','Rajasthan',449135,28770,420365,'2021-09-01','2021'),('ED1010','C010','Hindi','Uttar-Pradesh',448298,19049,429249,'2020-06-01','2020'),('ED1005','C005','Hindi','Rajasthan',448097,22270,425827,'2020-07-01','2020'),('ED1005','C005','Hindi','Rajasthan',447359,26679,420680,'2020-01-01','2020'),('ED1010','C010','Hindi','Uttar-Pradesh',446936,30980,415956,'2021-07-01','2021'),('ED1005','C005','Hindi','Rajasthan',445977,30381,415596,'2020-08-01','2020'),('ED1005','C005','Hindi','Rajasthan',445242,18829,426413,'2020-03-01','2020'),('ED1010','C010','Hindi','Uttar-Pradesh',444565,25107,419458,'2020-01-01','2020'),('ED1010','C010','Hindi','Uttar-Pradesh',443605,31772,411833,'2021-04-01','2021'),('ED1005','C005','Hindi','Rajasthan',441835,20817,421018,'2020-02-01','2020'),('ED1005','C005','Hindi','Rajasthan',439438,17757,421681,'2021-06-01','2021'),('ED1005','C005','Hindi','Rajasthan',439290,17740,421550,'2021-10-01','2021'),('ED1010','C010','Hindi','Uttar-Pradesh',438755,21279,417476,'2020-05-01','2020'),('ED1010','C010','Hindi','Uttar-Pradesh',437450,18105,419345,'2021-02-01','2021'),('ED1010','C010','Hindi','Uttar-Pradesh',436144,31892,404252,'2020-10-01','2020'),('ED1005','C005','Hindi','Rajasthan',434571,22479,412092,'2022-10-01','2022'),('ED1005','C005','Hindi','Rajasthan',433596,27970,405626,'2021-11-01','2021'),('ED1010','C010','Hindi','Uttar-Pradesh',433448,22366,411082,'2021-08-01','2021'),('ED1006','C006','english','maharashtra',432945,18010,414935,'2019-03-01','2019'),('ED1006','C006','english','maharashtra',432670,17238,415432,'2019-06-01','2019'),('ED1005','C005','Hindi','Rajasthan',431462,25557,405905,'2022-12-01','2022'),('ED1010','C010','Hindi','Uttar-Pradesh',430430,16040,414390,'2022-01-01','2022'),('ED1005','C005','Hindi','Rajasthan',430228,15138,415090,'2022-06-01','2022'),('ED1005','C005','Hindi','Rajasthan',429263,13831,415432,'2022-08-01','2022'),('ED1005','C005','Hindi','Rajasthan',427627,14963,412664,'2021-01-01','2021'),('ED1010','C010','Hindi','Uttar-Pradesh',427465,30857,396608,'2022-11-01','2022'),('ED1010','C010','Hindi','Uttar-Pradesh',427451,17045,410406,'2021-12-01','2021'),('ED1005','C005','Hindi','Rajasthan',426950,30256,396694,'2021-02-01','2021'),('ED1010','C010','Hindi','Uttar-Pradesh',425905,16802,409103,'2021-10-01','2021'),('ED1006','C006','english','maharashtra',424402,26771,397631,'2019-08-01','2019'),('ED1010','C010','Hindi','Uttar-Pradesh',423964,26807,397157,'2022-05-01','2022'),('ED1005','C005','Hindi','Rajasthan',422959,18890,404069,'2021-12-01','2021'),('ED1005','C005','Hindi','Rajasthan',422488,22678,399810,'2022-05-01','2022'),('ED1005','C005','Hindi','Rajasthan',421999,13339,408660,'2021-08-01','2021'),('ED1006','C006','english','maharashtra',421894,22522,399372,'2019-01-01','2019'),('ED1005','C005','Hindi','Rajasthan',421446,30319,391127,'2021-07-01','2021'),('ED1006','C006','english','maharashtra',420971,30706,390265,'2019-02-01','2019'),('ED1010','C010','Hindi','Uttar-Pradesh',420921,19348,401573,'2022-06-01','2022'),('ED1010','C010','Hindi','Uttar-Pradesh',420921,24243,396678,'2021-09-01','2021'),('ED1006','C006','english','maharashtra',420151,29899,390252,'2019-09-01','2019'),('ED1005','C005','Hindi','Rajasthan',418750,30907,387843,'2022-07-01','2022'),('ED1010','C010','Hindi','Uttar-Pradesh',418387,32968,385419,'2022-08-01','2022'),('ED1006','C006','english','maharashtra',418157,23899,394258,'2020-02-01','2020'),('ED1010','C010','Hindi','Uttar-Pradesh',417421,25048,392373,'2021-03-01','2021'),('ED1005','C005','Hindi','Rajasthan',417148,25010,392138,'2021-05-01','2021'),('ED1006','C006','english','maharashtra',416717,20879,395838,'2020-05-01','2020'),('ED1005','C005','Hindi','Rajasthan',416265,18289,397976,'2022-11-01','2022'),('ED1010','C010','Hindi','Uttar-Pradesh',415364,28191,387173,'2021-06-01','2021'),('ED1010','C010','Hindi','Uttar-Pradesh',414728,30357,384371,'2021-11-01','2021'),('ED1010','C010','Hindi','Uttar-Pradesh',414465,18439,396026,'2021-05-01','2021'),('ED1006','C006','english','maharashtra',413633,28647,384986,'2019-04-01','2019'),('ED1010','C010','Hindi','Uttar-Pradesh',413556,31538,382018,'2021-01-01','2021'),('ED1006','C006','english','maharashtra',412578,30046,382532,'2020-01-01','2020'),('ED1010','C010','Hindi','Uttar-Pradesh',411852,14185,397667,'2022-12-01','2022'),('ED1006','C006','english','maharashtra',411524,12811,398713,'2019-05-01','2019'),('ED1006','C006','english','maharashtra',411237,14933,396304,'2020-07-01','2020'),('ED1006','C006','english','maharashtra',410682,12603,398079,'2019-11-01','2019'),('ED1005','C005','Hindi','Rajasthan',409139,23719,385420,'2023-06-01','2023'),('ED1010','C010','Hindi','Uttar-Pradesh',408626,21177,387449,'2022-10-01','2022'),('ED1006','C006','english','maharashtra',408191,25077,383114,'2020-06-01','2020'),('ED1005','C005','Hindi','Rajasthan',407619,21910,385709,'2022-03-01','2022'),('ED1005','C005','Hindi','Rajasthan',406330,31543,374787,'2022-01-01','2022'),('ED1005','C005','Hindi','Rajasthan',406326,24740,381586,'2022-04-01','2022'),('ED1010','C010','Hindi','Uttar-Pradesh',405577,27776,377801,'2023-09-01','2023'),('ED1006','C006','english','maharashtra',405002,23327,381675,'2019-12-01','2019'),('ED1010','C010','Hindi','Uttar-Pradesh',404964,12252,392712,'2023-06-01','2023'),('ED1005','C005','Hindi','Rajasthan',404389,13510,390879,'2023-05-01','2023'),('ED1006','C006','english','maharashtra',403461,15765,387696,'2020-12-01','2020'),('ED1006','C006','english','maharashtra',403289,20387,382902,'2019-07-01','2019'),('ED1010','C010','Hindi','Uttar-Pradesh',402955,18291,384664,'2022-02-01','2022'),('ED1005','C005','Hindi','Rajasthan',402721,20474,382247,'2023-02-01','2023'),('ED1006','C006','english','maharashtra',402349,13818,388531,'2019-10-01','2019'),('ED1010','C010','Hindi','Uttar-Pradesh',401511,15689,385822,'2023-08-01','2023'),('ED1008','C008','Hindi','Uttar Pradesh',400540,18893,381647,'2019-06-01','2019'),('ED1010','C010','Hindi','Uttar-Pradesh',400526,25275,375251,'2023-04-01','2023'),('ED1010','C010','Hindi','Uttar-Pradesh',399865,17916,381949,'2022-07-01','2022'),('ED1010','C010','Hindi','Uttar-Pradesh',399465,25537,373928,'2022-09-01','2022'),('ED1006','C006','english','maharashtra',399016,16075,382941,'2020-03-01','2020'),('ED1010','C010','Hindi','Uttar-Pradesh',398429,17762,380667,'2023-07-01','2023'),('ED1006','C006','english','maharashtra',397852,28110,369742,'2020-11-01','2020'),('ED1002','C002','ENGLISH','Delhi',397820,27489,370331,'2019-05-01','2019'),('ED1002','C002','ENGLISH','Delhi',396250,15569,380681,'2019-01-01','2019'),('ED1005','C005','Hindi','Rajasthan',395985,25158,370827,'2023-08-01','2023'),('ED1010','C010','Hindi','Uttar-Pradesh',395877,22374,373503,'2023-12-01','2023'),('ED1002','C002','ENGLISH','Delhi',395790,12887,382903,'2019-12-01','2019'),('ED1005','C005','Hindi','Rajasthan',395706,22363,373343,'2022-09-01','2022'),('ED1006','C006','english','maharashtra',395698,28423,367275,'2020-09-01','2020'),('ED1005','C005','Hindi','Rajasthan',395177,20456,374721,'2023-01-01','2023'),('ED1010','C010','Hindi','Uttar-Pradesh',395165,31086,364079,'2022-04-01','2022'),('ED1006','C006','english','maharashtra',394747,29544,365203,'2021-05-01','2021'),('ED1006','C006','english','maharashtra',394137,28202,365935,'2020-08-01','2020'),('ED1005','C005','Hindi','Rajasthan',394044,24590,369454,'2023-12-01','2023'),('ED1008','C008','Hindi','Uttar Pradesh',393557,13129,380428,'2019-05-01','2019'),('ED1010','C010','Hindi','Uttar-Pradesh',390340,12438,377902,'2022-03-01','2022'),('ED1010','C010','Hindi','Uttar-Pradesh',389952,17470,372482,'2023-11-01','2023'),('ED1006','C006','english','maharashtra',389549,14397,375152,'2021-06-01','2021'),('ED1006','C006','english','maharashtra',389210,11735,377475,'2020-04-01','2020'),('ED1002','C002','ENGLISH','Delhi',387789,11738,376051,'2019-06-01','2019'),('ED1006','C006','english','maharashtra',387298,30334,356964,'2020-10-01','2020'),('ED1006','C006','english','maharashtra',386629,30682,355947,'2021-02-01','2021'),('ED1005','C005','Hindi','Rajasthan',386491,28006,358485,'2023-07-01','2023'),('ED1005','C005','Hindi','Rajasthan',385975,11796,374179,'2023-09-01','2023'),('ED1010','C010','Hindi','Uttar-Pradesh',385935,14004,371931,'2023-01-01','2023'),('ED1002','C002','ENGLISH','Delhi',385918,15631,370287,'2019-04-01','2019'),('ED1006','C006','english','maharashtra',385886,23622,362264,'2021-09-01','2021'),('ED1008','C008','Hindi','Uttar Pradesh',385207,25419,359788,'2019-11-01','2019'),('ED1002','C002','ENGLISH','Delhi',384598,20109,364489,'2019-07-01','2019'),('ED1008','C008','Hindi','Uttar Pradesh',384291,12636,371655,'2019-10-01','2019'),('ED1008','C008','Hindi','Uttar Pradesh',383849,15938,367911,'2019-12-01','2019'),('ED1005','C005','Hindi','Rajasthan',383036,20697,362339,'2024-12-01','2024'),('ED1005','C005','Hindi','Rajasthan',382678,27859,354819,'2024-05-01','2024'),('ED1006','C006','english','maharashtra',380638,13316,367322,'2021-04-01','2021'),('ED1010','C010','Hindi','Uttar-Pradesh',379193,17610,361583,'2023-05-01','2023'),('ED1008','C008','Hindi','Uttar Pradesh',379174,20291,358883,'2020-06-01','2020'),('ED1002','C002','ENGLISH','Delhi',378800,13403,365397,'2020-02-01','2020'),('ED1005','C005','Hindi','Rajasthan',378727,17567,361160,'2024-01-01','2024'),('ED1010','C010','Hindi','Uttar-Pradesh',377974,24863,353111,'2024-07-01','2024'),('ED1006','C006','english','maharashtra',377815,17511,360304,'2021-11-01','2021'),('ED1008','C008','Hindi','Uttar Pradesh',377684,22830,354854,'2019-03-01','2019'),('ED1006','C006','english','maharashtra',377357,17925,359432,'2021-07-01','2021'),('ED1005','C005','Hindi','Rajasthan',376918,25370,351548,'2023-11-01','2023'),('ED1008','C008','Hindi','Uttar Pradesh',376851,22825,354026,'2019-08-01','2019'),('ED1002','C002','ENGLISH','Delhi',375918,19433,356485,'2020-09-01','2020'),('ED1010','C010','Hindi','Uttar-Pradesh',375754,12602,363152,'2024-08-01','2024'),('ED1006','C006','english','maharashtra',375713,13938,361775,'2021-12-01','2021'),('ED1002','C002','ENGLISH','Delhi',374659,20241,354418,'2020-01-01','2020'),('ED1010','C010','Hindi','Uttar-Pradesh',374180,26217,347963,'2024-12-01','2024'),('ED1010','C010','Hindi','Uttar-Pradesh',373504,11939,361565,'2023-02-01','2023'),('ED1008','C008','Hindi','Uttar Pradesh',373047,29643,343404,'2019-07-01','2019'),('ED1002','C002','ENGLISH','Delhi',372975,27522,345453,'2019-10-01','2019'),('ED1010','C010','Hindi','Uttar-Pradesh',372642,20339,352303,'2024-10-01','2024'),('ED1005','C005','Hindi','Rajasthan',372154,22146,350008,'2023-04-01','2023'),('ED1010','C010','Hindi','Uttar-Pradesh',371591,22365,349226,'2023-03-01','2023'),('ED1002','C002','ENGLISH','Delhi',371419,23489,347930,'2019-02-01','2019'),('ED1008','C008','Hindi','Uttar Pradesh',371097,12480,358617,'2020-03-01','2020'),('ED1006','C006','english','maharashtra',370814,16084,354730,'2021-03-01','2021'),('ED1008','C008','Hindi','Uttar Pradesh',370710,20295,350415,'2020-12-01','2020'),('ED1002','C002','ENGLISH','Delhi',370373,21245,349128,'2019-03-01','2019'),('ED1002','C002','ENGLISH','Delhi',370168,20752,349416,'2020-06-01','2020'),('ED1006','C006','english','maharashtra',369967,25111,344856,'2021-08-01','2021'),('ED1006','C006','english','maharashtra',368060,23621,344439,'2021-01-01','2021'),('ED1002','C002','ENGLISH','Delhi',367848,13467,354381,'2020-11-01','2020'),('ED1008','C008','Hindi','Uttar Pradesh',366921,23169,343752,'2020-11-01','2020'),('ED1008','C008','Hindi','Uttar Pradesh',366678,28791,337887,'2020-04-01','2020'),('ED1008','C008','Hindi','Uttar Pradesh',366111,19900,346211,'2020-08-01','2020'),('ED1008','C008','Hindi','Uttar Pradesh',366091,27741,338350,'2020-09-01','2020'),('ED1008','C008','Hindi','Uttar Pradesh',365086,25284,339802,'2020-05-01','2020'),('ED1002','C002','ENGLISH','Delhi',364960,27638,337322,'2019-09-01','2019'),('ED1002','C002','ENGLISH','Delhi',364920,17774,347146,'2020-08-01','2020'),('ED1010','C010','Hindi','Uttar-Pradesh',364199,26695,337504,'2024-09-01','2024'),('ED1010','C010','Hindi','Uttar-Pradesh',363888,17379,346509,'2024-05-01','2024'),('ED1005','C005','Hindi','Rajasthan',363198,18301,344897,'2024-04-01','2024'),('ED1005','C005','Hindi','Rajasthan',363181,14806,348375,'2024-10-01','2024'),('ED1008','C008','Hindi','Uttar Pradesh',362751,14529,348222,'2019-01-01','2019'),('ED1005','C005','Hindi','Rajasthan',362743,22008,340735,'2024-02-01','2024'),('ED1006','C006','english','maharashtra',362712,24978,337734,'2021-10-01','2021'),('ED1006','C006','english','maharashtra',360956,14802,346154,'2022-11-01','2022'),('ED1010','C010','Hindi','Uttar-Pradesh',360722,23761,336961,'2024-03-01','2024'),('ED1002','C002','ENGLISH','Delhi',360134,23892,336242,'2020-07-01','2020'),('ED1008','C008','Hindi','Uttar Pradesh',359948,15287,344661,'2021-02-01','2021'),('ED1008','C008','Hindi','Uttar Pradesh',359740,11120,348620,'2020-10-01','2020'),('ED1005','C005','Hindi','Rajasthan',359048,23375,335673,'2024-06-01','2024'),('ED1005','C005','Hindi','Rajasthan',358432,16536,341896,'2024-08-01','2024'),('ED1010','C010','Hindi','Uttar-Pradesh',358044,15164,342880,'2024-11-01','2024'),('ED1008','C008','Hindi','Uttar Pradesh',358005,21923,336082,'2021-11-01','2021'),('ED1010','C010','Hindi','Uttar-Pradesh',357724,12898,344826,'2024-06-01','2024'),('ED1005','C005','Hindi','Rajasthan',357236,21401,335835,'2024-03-01','2024'),('ED1006','C006','english','maharashtra',356679,21708,334971,'2022-01-01','2022'),('ED1002','C002','ENGLISH','Delhi',356422,17505,338917,'2020-03-01','2020'),('ED1002','C002','ENGLISH','Delhi',356211,25456,330755,'2021-11-01','2021'),('ED1010','C010','Hindi','Uttar-Pradesh',354606,14872,339734,'2024-02-01','2024'),('ED1008','C008','Hindi','Uttar Pradesh',354278,19786,334492,'2021-06-01','2021'),('ED1005','C005','Hindi','Rajasthan',353118,14665,338453,'2024-11-01','2024'),('ED1006','C006','english','maharashtra',353031,11203,341828,'2022-07-01','2022'),('ED1002','C002','ENGLISH','Delhi',353024,13150,339874,'2021-08-01','2021'),('ED1002','C002','ENGLISH','Delhi',352928,22534,330394,'2021-09-01','2021'),('ED1010','C010','Hindi','Uttar-Pradesh',352843,26315,326528,'2024-01-01','2024'),('ED1008','C008','Hindi','Uttar Pradesh',351882,27321,324561,'2021-05-01','2021'),('ED1005','C005','Hindi','Rajasthan',351552,20359,331193,'2024-09-01','2024'),('ED1002','C002','ENGLISH','Delhi',351519,15734,335785,'2021-01-01','2021'),('ED1008','C008','Hindi','Uttar Pradesh',351326,11148,340178,'2020-07-01','2020'),('ED1002','C002','ENGLISH','Delhi',351210,18616,332594,'2021-06-01','2021'),('ED1006','C006','english','maharashtra',350550,19990,330560,'2022-12-01','2022'),('ED1006','C006','english','maharashtra',350455,21184,329271,'2023-06-01','2023'),('ED1006','C006','english','maharashtra',350362,25717,324645,'2022-09-01','2022'),('ED1002','C002','ENGLISH','Delhi',349735,25128,324607,'2020-12-01','2020'),('ED1002','C002','ENGLISH','Delhi',349433,22561,326872,'2020-05-01','2020'),('ED1006','C006','english','maharashtra',349292,10742,338550,'2022-03-01','2022'),('ED1005','C005','Hindi','Rajasthan',348448,15182,333266,'2024-07-01','2024'),('ED1002','C002','ENGLISH','Delhi',348093,11620,336473,'2021-07-01','2021'),('ED1006','C006','english','maharashtra',348027,24975,323052,'2023-01-01','2023'),('ED1008','C008','Hindi','Uttar Pradesh',347194,14004,333190,'2021-01-01','2021'),('ED1006','C006','english','maharashtra',346960,20431,326529,'2023-09-01','2023'),('ED1010','C010','Hindi','Uttar-Pradesh',345007,12867,332140,'2024-04-01','2024'),('ED1002','C002','ENGLISH','Delhi',344462,25664,318798,'2021-03-01','2021'),('ED1006','C006','english','maharashtra',344331,18026,326305,'2022-08-01','2022'),('ED1008','C008','Hindi','Uttar Pradesh',342639,14312,328327,'2021-03-01','2021'),('ED1006','C006','english','maharashtra',341885,18674,323211,'2022-05-01','2022'),('ED1002','C002','ENGLISH','Delhi',341868,17970,323898,'2021-10-01','2021'),('ED1008','C008','Hindi','Uttar Pradesh',341449,18181,323268,'2021-07-01','2021'),('ED1006','C006','english','maharashtra',341419,12054,329365,'2022-04-01','2022'),('ED1002','C002','ENGLISH','Delhi',341324,10896,330428,'2021-02-01','2021'),('ED1006','C006','english','maharashtra',341316,10682,330634,'2022-10-01','2022'),('ED1008','C008','Hindi','Uttar Pradesh',341258,24146,317112,'2021-12-01','2021'),('ED1002','C002','ENGLISH','Delhi',338604,25033,313571,'2022-04-01','2022'),('ED1008','C008','Hindi','Uttar Pradesh',338562,26544,312018,'2022-03-01','2022'),('ED1002','C002','ENGLISH','Delhi',338375,16342,322033,'2022-05-01','2022'),('ED1008','C008','Hindi','Uttar Pradesh',337050,21221,315829,'2022-11-01','2022'),('ED1002','C002','ENGLISH','Delhi',336080,11781,324299,'2022-02-01','2022'),('ED1006','C006','english','maharashtra',335223,19435,315788,'2023-07-01','2023'),('ED1009','C009','Hindi','gujarat',334610,22617,311993,'2019-06-01','2019'),('ED1006','C006','english','maharashtra',333322,13546,319776,'2023-10-01','2023'),('ED1002','C002','ENGLISH','Delhi',333296,26422,306874,'2022-09-01','2022'),('ED1002','C002','ENGLISH','Delhi',333290,17654,315636,'2021-05-01','2021'),('ED1008','C008','Hindi','Uttar Pradesh',333280,23147,310133,'2022-08-01','2022'),('ED1002','C002','ENGLISH','Delhi',333163,13288,319875,'2022-01-01','2022'),('ED1008','C008','Hindi','Uttar Pradesh',333142,12782,320360,'2021-08-01','2021'),('ED1008','C008','Hindi','Uttar Pradesh',333128,13029,320099,'2022-05-01','2022'),('ED1008','C008','Hindi','Uttar Pradesh',332029,20139,311890,'2021-10-01','2021'),('ED1008','C008','Hindi','Uttar Pradesh',331517,14384,317133,'2021-04-01','2021'),('ED1006','C006','english','maharashtra',330634,21466,309168,'2024-03-01','2024'),('ED1002','C002','ENGLISH','Delhi',330327,25420,304907,'2021-04-01','2021'),('ED1006','C006','english','maharashtra',330041,15405,314636,'2023-11-01','2023'),('ED1008','C008','Hindi','Uttar Pradesh',329679,12959,316720,'2021-09-01','2021'),('ED1009','C009','Hindi','gujarat',329058,17650,311408,'2019-12-01','2019'),('ED1002','C002','ENGLISH','Delhi',328098,22971,305127,'2021-12-01','2021'),('ED1002','C002','ENGLISH','Delhi',327736,20675,307061,'2022-11-01','2022'),('ED1009','C009','Hindi','gujarat',327435,22851,304584,'2019-03-01','2019'),('ED1006','C006','english','maharashtra',327225,10187,317038,'2024-06-01','2024'),('ED1006','C006','english','maharashtra',325865,14547,311318,'2023-05-01','2023'),('ED1008','C008','Hindi','Uttar Pradesh',325235,10835,314400,'2022-12-01','2022'),('ED1009','C009','Hindi','gujarat',324890,12993,311897,'2019-01-01','2019'),('ED1002','C002','ENGLISH','Delhi',323679,21547,302132,'2022-07-01','2022'),('ED1009','C009','Hindi','gujarat',323016,24055,298961,'2019-04-01','2019'),('ED1002','C002','ENGLISH','Delhi',322620,11020,311600,'2022-08-01','2022'),('ED1006','C006','english','maharashtra',322438,17714,304724,'2023-02-01','2023'),('ED1008','C008','Hindi','Uttar Pradesh',321968,10534,311434,'2022-10-01','2022'),('ED1009','C009','Hindi','gujarat',321591,22719,298872,'2019-05-01','2019'),('ED1009','C009','Hindi','gujarat',321586,24801,296785,'2019-11-01','2019'),('ED1006','C006','english','maharashtra',321252,11856,309396,'2023-04-01','2023'),('ED1006','C006','english','maharashtra',321247,20089,301158,'2024-05-01','2024'),('ED1006','C006','english','maharashtra',321044,18300,302744,'2024-02-01','2024'),('ED1009','C009','Hindi','gujarat',320761,14024,306737,'2020-02-01','2020'),('ED1002','C002','ENGLISH','Delhi',320662,13153,307509,'2022-06-01','2022'),('ED1002','C002','ENGLISH','Delhi',320199,24615,295584,'2022-10-01','2022'),('ED1006','C006','english','maharashtra',319995,10479,309516,'2024-08-01','2024'),('ED1009','C009','Hindi','gujarat',319438,14097,305341,'2020-03-01','2020'),('ED1002','C002','ENGLISH','Delhi',319153,13703,305450,'2023-01-01','2023'),('ED1009','C009','Hindi','gujarat',319110,17151,301959,'2019-02-01','2019'),('ED1006','C006','english','maharashtra',318741,21801,296940,'2024-07-01','2024'),('ED1008','C008','Hindi','Uttar Pradesh',317426,14906,302520,'2022-04-01','2022'),('ED1002','C002','ENGLISH','Delhi',317276,21051,296225,'2022-12-01','2022'),('ED1002','C002','ENGLISH','Delhi',317071,21657,295414,'2023-03-01','2023'),('ED1008','C008','Hindi','Uttar Pradesh',317011,13471,303540,'2022-09-01','2022'),('ED1009','C009','Hindi','gujarat',316967,18921,298046,'2019-07-01','2019'),('ED1009','C009','Hindi','gujarat',316135,18722,297413,'2019-10-01','2019'),('ED1002','C002','ENGLISH','Delhi',315721,20264,295457,'2023-02-01','2023'),('ED1002','C002','ENGLISH','Delhi',315684,17506,298178,'2023-06-01','2023'),('ED1008','C008','Hindi','Uttar Pradesh',315365,10785,304580,'2022-07-01','2022'),('ED1008','C008','Hindi','Uttar Pradesh',314092,11885,302207,'2023-10-01','2023'),('ED1009','C009','Hindi','gujarat',312704,17758,294946,'2020-04-01','2020'),('ED1006','C006','english','maharashtra',311533,22068,289465,'2024-12-01','2024'),('ED1008','C008','Hindi','Uttar Pradesh',311206,24855,286351,'2022-01-01','2022'),('ED1002','C002','ENGLISH','Delhi',310536,10843,299693,'2022-03-01','2022'),('ED1008','C008','Hindi','Uttar Pradesh',309472,10895,298577,'2022-02-01','2022'),('ED1008','C008','Hindi','Uttar Pradesh',309216,14045,295171,'2022-06-01','2022'),('ED1006','C006','english','maharashtra',307998,13660,294338,'2024-01-01','2024'),('ED1006','C006','english','maharashtra',307852,21945,285907,'2024-09-01','2024'),('ED1002','C002','ENGLISH','Delhi',307469,18023,289446,'2023-05-01','2023'),('ED1009','C009','Hindi','gujarat',307061,13997,293064,'2019-09-01','2019'),('ED1009','C009','Hindi','gujarat',305201,22834,282367,'2020-11-01','2020'),('ED1006','C006','english','maharashtra',304809,13930,290879,'2024-11-01','2024'),('ED1009','C009','Hindi','gujarat',304566,22870,281696,'2020-09-01','2020'),('ED1008','C008','Hindi','Uttar Pradesh',304510,10203,294307,'2023-06-01','2023'),('ED1002','C002','ENGLISH','Delhi',304256,23271,280985,'2023-08-01','2023'),('ED1009','C009','Hindi','gujarat',304022,23886,280136,'2020-05-01','2020'),('ED1008','C008','Hindi','Uttar Pradesh',303528,18662,284866,'2023-09-01','2023'),('ED1002','C002','ENGLISH','Delhi',303202,12938,290264,'2023-09-01','2023'),('ED1006','C006','english','maharashtra',303020,9716,293304,'2024-10-01','2024'),('ED1009','C009','Hindi','gujarat',302901,14184,288717,'2021-10-01','2021'),('ED1008','C008','Hindi','Uttar Pradesh',302169,23058,279111,'2023-11-01','2023'),('ED1006','C006','english','maharashtra',301702,22930,278772,'2024-04-01','2024'),('ED1002','C002','ENGLISH','Delhi',301072,23840,277232,'2023-11-01','2023'),('ED1008','C008','Hindi','Uttar Pradesh',300348,10038,290310,'2023-02-01','2023'),('ED1009','C009','Hindi','gujarat',299988,10495,289493,'2021-01-01','2021'),('ED1008','C008','Hindi','Uttar Pradesh',299971,20533,279438,'2024-11-01','2024'),('ED1008','C008','Hindi','Uttar Pradesh',299314,17723,281591,'2024-06-01','2024'),('ED1002','C002','ENGLISH','Delhi',299137,22038,277099,'2024-02-01','2024'),('ED1009','C009','Hindi','gujarat',298775,17165,281610,'2021-11-01','2021'),('ED1008','C008','Hindi','Uttar Pradesh',298630,11882,286748,'2023-08-01','2023'),('ED1009','C009','Hindi','gujarat',298464,18346,280118,'2020-01-01','2020'),('ED1002','C002','ENGLISH','Delhi',298251,10127,288124,'2023-07-01','2023'),('ED1003','C003','Hindi','Madhya_Pradesh',297817,20351,277466,'2019-05-01','2019'),('ED1003','C003','Hindi','Madhya_Pradesh',297331,11267,286064,'2019-07-01','2019'),('ED1008','C008','Hindi','Uttar Pradesh',297245,19047,278198,'2024-05-01','2024'),('ED1008','C008','Hindi','Uttar Pradesh',297132,19299,277833,'2023-07-01','2023'),('ED1002','C002','ENGLISH','Delhi',297083,22671,274412,'2024-06-01','2024'),('ED1009','C009','Hindi','gujarat',296487,10136,286351,'2021-03-01','2021'),('ED1002','C002','ENGLISH','Delhi',296188,18293,277895,'2024-07-01','2024'),('ED1009','C009','Hindi','gujarat',295001,21464,273537,'2020-07-01','2020'),('ED1003','C003','Hindi','Madhya_Pradesh',294838,9447,285391,'2019-04-01','2019'),('ED1009','C009','Hindi','gujarat',294325,15248,279077,'2021-04-01','2021'),('ED1002','C002','ENGLISH','Delhi',294099,22931,271168,'2024-03-01','2024'),('ED1008','C008','Hindi','Uttar Pradesh',293693,20074,273619,'2023-12-01','2023'),('ED1002','C002','ENGLISH','Delhi',292983,22927,270056,'2023-04-01','2023'),('ED1009','C009','Hindi','gujarat',292723,11938,280785,'2020-08-01','2020'),('ED1002','C002','ENGLISH','Delhi',292264,19810,272454,'2023-12-01','2023'),('ED1002','C002','ENGLISH','Delhi',292105,10297,281808,'2024-08-01','2024'),('ED1002','C002','ENGLISH','Delhi',291694,22100,269594,'2024-04-01','2024'),('ED1003','C003','Hindi','Madhya_Pradesh',291318,15276,276042,'2019-10-01','2019'),('ED1008','C008','Hindi','Uttar Pradesh',291126,9742,281384,'2023-01-01','2023'),('ED1008','C008','Hindi','Uttar Pradesh',290811,22582,268229,'2023-04-01','2023'),('ED1002','C002','ENGLISH','Delhi',290649,15885,274764,'2024-11-01','2024'),('ED1008','C008','Hindi','Uttar Pradesh',289849,21452,268397,'2024-04-01','2024'),('ED1009','C009','Hindi','gujarat',288006,20972,267034,'2022-12-01','2022'),('ED1003','C003','Hindi','Madhya_Pradesh',287698,17754,269944,'2019-08-01','2019'),('ED1002','C002','ENGLISH','Delhi',287361,21671,265690,'2024-10-01','2024'),('ED1009','C009','Hindi','gujarat',286832,18358,268474,'2022-05-01','2022'),('ED1009','C009','Hindi','gujarat',286431,14594,271837,'2021-02-01','2021'),('ED1009','C009','Hindi','gujarat',285568,16700,268868,'2022-10-01','2022'),('ED1008','C008','Hindi','Uttar Pradesh',285163,11104,274059,'2024-12-01','2024'),('ED1008','C008','Hindi','Uttar Pradesh',284638,12119,272519,'2024-02-01','2024'),('ED1009','C009','Hindi','gujarat',284447,21726,262721,'2021-09-01','2021'),('ED1009','C009','Hindi','gujarat',284167,18704,265463,'2022-03-01','2022'),('ED1009','C009','Hindi','gujarat',283739,20831,262908,'2021-08-01','2021'),('ED1009','C009','Hindi','gujarat',283441,16320,267121,'2021-12-01','2021'),('ED1008','C008','Hindi','Uttar Pradesh',283139,21735,261404,'2024-08-01','2024'),('ED1002','C002','ENGLISH','Delhi',282501,17096,265405,'2024-01-01','2024'),('ED1003','C003','Hindi','Madhya_Pradesh',282436,10768,271668,'2019-01-01','2019'),('ED1003','C003','Hindi','Madhya_Pradesh',281893,17252,264641,'2019-12-01','2019'),('ED1008','C008','Hindi','Uttar Pradesh',281599,12239,269360,'2024-10-01','2024'),('ED1003','C003','Hindi','Madhya_Pradesh',281482,12595,268887,'2020-08-01','2020'),('ED1008','C008','Hindi','Uttar Pradesh',281380,19064,262316,'2024-07-01','2024'),('ED1002','C002','ENGLISH','Delhi',281237,12155,269082,'2024-12-01','2024'),('ED1009','C009','Hindi','gujarat',280815,18135,262680,'2021-07-01','2021'),('ED1009','C009','Hindi','gujarat',279981,11713,268268,'2022-09-01','2022'),('ED1003','C003','Hindi','Madhya_Pradesh',279513,21009,258504,'2020-04-01','2020'),('ED1008','C008','Hindi','Uttar Pradesh',278845,9840,269005,'2024-09-01','2024'),('ED1003','C003','Hindi','Madhya_Pradesh',278122,12933,265189,'2019-09-01','2019'),('ED1008','C008','Hindi','Uttar Pradesh',278000,8569,269431,'2024-01-01','2024'),('ED1004','C004','Hindi','bihar',277718,11991,265727,'2019-06-01','2019'),('ED1004','C004','Hindi','bihar',277678,18188,259490,'2019-02-01','2019'),('ED1004','C004','Hindi','bihar',277633,19458,258175,'2019-08-01','2019'),('ED1003','C003','Hindi','Madhya_Pradesh',276982,15860,261122,'2019-11-01','2019'),('ED1004','C004','Hindi','bihar',276670,11636,265034,'2019-03-01','2019'),('ED1003','C003','Hindi','Madhya_Pradesh',276093,8698,267395,'2019-06-01','2019'),('ED1003','C003','Hindi','Madhya_Pradesh',275941,12509,263432,'2020-06-01','2020'),('ED1003','C003','Hindi','Madhya_Pradesh',274749,13327,261422,'2019-02-01','2019'),('ED1003','C003','Hindi','Madhya_Pradesh',273866,12856,261010,'2020-05-01','2020'),('ED1009','C009','Hindi','gujarat',273483,12702,260781,'2022-02-01','2022'),('ED1003','C003','Hindi','Madhya_Pradesh',272221,21026,251195,'2020-03-01','2020'),('ED1004','C004','Hindi','bihar',272198,18402,253796,'2019-04-01','2019'),('ED1009','C009','Hindi','gujarat',270995,18709,252286,'2023-03-01','2023'),('ED1003','C003','Hindi','Madhya_Pradesh',270763,19009,251754,'2020-10-01','2020'),('ED1009','C009','Hindi','gujarat',269131,11324,257807,'2022-01-01','2022'),('ED1009','C009','Hindi','gujarat',268292,15003,253289,'2023-05-01','2023'),('ED1009','C009','Hindi','gujarat',268108,14074,254034,'2023-10-01','2023'),('ED1009','C009','Hindi','gujarat',266904,13638,253266,'2023-04-01','2023'),('ED1004','C004','Hindi','bihar',266133,19947,246186,'2019-01-01','2019'),('ED1009','C009','Hindi','gujarat',265761,10014,255747,'2022-11-01','2022'),('ED1009','C009','Hindi','gujarat',265621,15335,250286,'2022-07-01','2022'),('ED1003','C003','Hindi','Madhya_Pradesh',265136,13672,251464,'2021-07-01','2021'),('ED1009','C009','Hindi','gujarat',264467,13767,250700,'2022-06-01','2022'),('ED1004','C004','Hindi','bihar',263919,11064,252855,'2019-07-01','2019'),('ED1003','C003','Hindi','Madhya_Pradesh',263800,11988,251812,'2020-07-01','2020'),('ED1003','C003','Hindi','Madhya_Pradesh',263752,10360,253392,'2020-01-01','2020'),('ED1009','C009','Hindi','gujarat',263383,18967,244416,'2022-04-01','2022'),('ED1009','C009','Hindi','gujarat',263343,11298,252045,'2022-08-01','2022'),('ED1003','C003','Hindi','Madhya_Pradesh',263279,12141,251138,'2021-11-01','2021'),('ED1003','C003','Hindi','Madhya_Pradesh',262987,9491,253496,'2020-09-01','2020'),('ED1003','C003','Hindi','Madhya_Pradesh',262140,20514,241626,'2020-11-01','2020'),('ED1003','C003','Hindi','Madhya_Pradesh',260310,20595,239715,'2020-12-01','2020'),('ED1003','C003','Hindi','Madhya_Pradesh',259870,10840,249030,'2021-05-01','2021'),('ED1004','C004','Hindi','bihar',259573,8314,251259,'2020-03-01','2020'),('ED1004','C004','Hindi','bihar',259434,8473,250961,'2020-04-01','2020'),('ED1003','C003','Hindi','Madhya_Pradesh',258613,17249,241364,'2021-08-01','2021'),('ED1003','C003','Hindi','Madhya_Pradesh',258495,10417,248078,'2021-12-01','2021'),('ED1004','C004','Hindi','bihar',258377,18121,240256,'2020-05-01','2020'),('ED1004','C004','Hindi','bihar',257488,8160,249328,'2019-11-01','2019'),('ED1003','C003','Hindi','Madhya_Pradesh',257472,12583,244889,'2021-03-01','2021'),('ED1003','C003','Hindi','Madhya_Pradesh',257262,19914,237348,'2021-02-01','2021'),('ED1003','C003','Hindi','Madhya_Pradesh',257144,15544,241600,'2021-04-01','2021'),('ED1004','C004','Hindi','bihar',256933,11125,245808,'2019-05-01','2019'),('ED1009','C009','Hindi','gujarat',255668,15172,240496,'2023-08-01','2023'),('ED1004','C004','Hindi','bihar',255312,18967,236345,'2019-09-01','2019'),('ED1004','C004','Hindi','bihar',254696,11582,243114,'2020-11-01','2020'),('ED1004','C004','Hindi','bihar',254082,17431,236651,'2019-10-01','2019'),('ED1009','C009','Hindi','gujarat',254073,10810,243263,'2024-07-01','2024'),('ED1007','C007','Hindi','Jharkhand',253719,16510,237209,'2019-04-01','2019'),('ED1003','C003','Hindi','Madhya_Pradesh',253273,13780,239493,'2022-06-01','2022'),('ED1007','C007','Hindi','Jharkhand',252600,10479,242121,'2019-08-01','2019'),('ED1007','C007','Hindi','Jharkhand',252228,10513,241715,'2019-07-01','2019'),('ED1003','C003','Hindi','Madhya_Pradesh',251391,19909,231482,'2021-10-01','2021'),('ED1003','C003','Hindi','Madhya_Pradesh',250696,9111,241585,'2022-03-01','2022'),('ED1004','C004','Hindi','bihar',250565,18691,231874,'2020-02-01','2020'),('ED1009','C009','Hindi','gujarat',249998,10800,239198,'2023-07-01','2023'),('ED1009','C009','Hindi','gujarat',249976,9992,239984,'2023-11-01','2023'),('ED1009','C009','Hindi','gujarat',249959,15383,234576,'2024-06-01','2024'),('ED1003','C003','Hindi','Madhya_Pradesh',249931,11173,238758,'2021-09-01','2021'),('ED1004','C004','Hindi','bihar',249823,16039,233784,'2020-06-01','2020'),('ED1007','C007','Hindi','Jharkhand',249706,15415,234291,'2019-10-01','2019'),('ED1004','C004','Hindi','bihar',249319,14148,235171,'2021-05-01','2021'),('ED1003','C003','Hindi','Madhya_Pradesh',249101,16099,233002,'2022-07-01','2022'),('ED1009','C009','Hindi','gujarat',248981,11622,237359,'2024-05-01','2024'),('ED1004','C004','Hindi','bihar',248447,11548,236899,'2021-03-01','2021'),('ED1004','C004','Hindi','bihar',248360,15715,232645,'2021-07-01','2021'),('ED1003','C003','Hindi','Madhya_Pradesh',248350,8423,239927,'2021-01-01','2021'),('ED1009','C009','Hindi','gujarat',247852,14529,233323,'2023-02-01','2023'),('ED1009','C009','Hindi','gujarat',247690,12116,235574,'2023-06-01','2023'),('ED1009','C009','Hindi','gujarat',247551,18629,228922,'2023-12-01','2023'),('ED1009','C009','Hindi','gujarat',247205,10947,236258,'2024-10-01','2024'),('ED1004','C004','Hindi','bihar',246463,11672,234791,'2021-04-01','2021'),('ED1009','C009','Hindi','gujarat',245628,14654,230974,'2023-09-01','2023'),('ED1003','C003','Hindi','Madhya_Pradesh',245360,7943,237417,'2022-04-01','2022'),('ED1004','C004','Hindi','bihar',245314,13157,232157,'2020-09-01','2020'),('ED1007','C007','Hindi','Jharkhand',245193,11188,234005,'2019-05-01','2019'),('ED1004','C004','Hindi','bihar',245115,8048,237067,'2020-12-01','2020'),('ED1007','C007','Hindi','Jharkhand',244851,15400,229451,'2019-01-01','2019'),('ED1003','C003','Hindi','Madhya_Pradesh',244673,18000,226673,'2022-01-01','2022'),('ED1004','C004','Hindi','bihar',243443,17615,225828,'2021-09-01','2021'),('ED1004','C004','Hindi','bihar',242482,11939,230543,'2020-08-01','2020'),('ED1009','C009','Hindi','gujarat',242429,10060,232369,'2024-12-01','2024'),('ED1007','C007','Hindi','Jharkhand',242274,17654,224620,'2020-08-01','2020'),('ED1004','C004','Hindi','bihar',242186,11562,230624,'2020-01-01','2020'),('ED1003','C003','Hindi','Madhya_Pradesh',241959,13178,228781,'2022-08-01','2022'),('ED1007','C007','Hindi','Jharkhand',241690,8803,232887,'2020-04-01','2020'),('ED1004','C004','Hindi','bihar',241553,13761,227792,'2020-10-01','2020'),('ED1007','C007','Hindi','Jharkhand',241389,18779,222610,'2019-12-01','2019'),('ED1007','C007','Hindi','Jharkhand',241078,17968,223110,'2019-02-01','2019'),('ED1004','C004','Hindi','bihar',241009,14832,226177,'2020-07-01','2020'),('ED1007','C007','Hindi','Jharkhand',240891,9682,231209,'2019-03-01','2019'),('ED1007','C007','Hindi','Jharkhand',240730,17118,223612,'2020-02-01','2020'),('ED1009','C009','Hindi','gujarat',240475,9878,230597,'2024-03-01','2024'),('ED1004','C004','Hindi','bihar',240275,13003,227272,'2021-11-01','2021'),('ED1004','C004','Hindi','bihar',239784,16422,223362,'2021-02-01','2021'),('ED1003','C003','Hindi','Madhya_Pradesh',238467,9716,228751,'2023-04-01','2023'),('ED1003','C003','Hindi','Madhya_Pradesh',238270,8488,229782,'2022-02-01','2022'),('ED1007','C007','Hindi','Jharkhand',237334,8538,228796,'2020-07-01','2020'),('ED1003','C003','Hindi','Madhya_Pradesh',237182,15764,221418,'2023-08-01','2023'),('ED1007','C007','Hindi','Jharkhand',237095,10618,226477,'2020-11-01','2020'),('ED1003','C003','Hindi','Madhya_Pradesh',236649,17145,219504,'2023-01-01','2023'),('ED1009','C009','Hindi','gujarat',236282,15681,220601,'2024-04-01','2024'),('ED1007','C007','Hindi','Jharkhand',235078,10381,224697,'2019-06-01','2019'),('ED1007','C007','Hindi','Jharkhand',235068,8868,226200,'2020-01-01','2020'),('ED1007','C007','Hindi','Jharkhand',234563,13048,221515,'2020-10-01','2020'),('ED1009','C009','Hindi','gujarat',234482,17217,217265,'2024-09-01','2024'),('ED1007','C007','Hindi','Jharkhand',234054,14644,219410,'2020-05-01','2020'),('ED1003','C003','Hindi','Madhya_Pradesh',234009,14424,219585,'2022-11-01','2022'),('ED1004','C004','Hindi','bihar',233994,14684,219310,'2021-10-01','2021'),('ED1003','C003','Hindi','Madhya_Pradesh',233916,8410,225506,'2023-06-01','2023'),('ED1004','C004','Hindi','bihar',233409,13658,219751,'2022-01-01','2022'),('ED1007','C007','Hindi','Jharkhand',233314,10543,222771,'2019-11-01','2019'),('ED1003','C003','Hindi','Madhya_Pradesh',232941,18260,214681,'2023-05-01','2023'),('ED1007','C007','Hindi','Jharkhand',232783,7954,224829,'2020-03-01','2020'),('ED1009','C009','Hindi','gujarat',232412,11666,220746,'2024-02-01','2024'),('ED1004','C004','Hindi','bihar',232272,14451,217821,'2022-11-01','2022'),('ED1004','C004','Hindi','bihar',231765,14158,217607,'2022-08-01','2022'),('ED1007','C007','Hindi','Jharkhand',231707,13514,218193,'2021-05-01','2021'),('ED1009','C009','Hindi','gujarat',231585,10447,221138,'2024-01-01','2024'),('ED1003','C003','Hindi','Madhya_Pradesh',231378,9764,221614,'2022-12-01','2022'),('ED1009','C009','Hindi','gujarat',231195,7247,223948,'2024-08-01','2024'),('ED1007','C007','Hindi','Jharkhand',231185,7705,223480,'2021-03-01','2021'),('ED1003','C003','Hindi','Madhya_Pradesh',231160,9887,221273,'2022-10-01','2022'),('ED1007','C007','Hindi','Jharkhand',230706,7237,223469,'2021-08-01','2021'),('ED1004','C004','Hindi','bihar',230619,8850,221769,'2021-06-01','2021'),('ED1003','C003','Hindi','Madhya_Pradesh',230079,13853,216226,'2022-09-01','2022'),('ED1003','C003','Hindi','Madhya_Pradesh',229761,13569,216192,'2023-03-01','2023'),('ED1004','C004','Hindi','bihar',229744,9684,220060,'2021-08-01','2021'),('ED1003','C003','Hindi','Madhya_Pradesh',229715,13548,216167,'2022-05-01','2022'),('ED1007','C007','Hindi','Jharkhand',229370,7989,221381,'2021-04-01','2021'),('ED1003','C003','Hindi','Madhya_Pradesh',229149,7087,222062,'2023-09-01','2023'),('ED1007','C007','Hindi','Jharkhand',228205,7750,220455,'2021-11-01','2021'),('ED1004','C004','Hindi','bihar',227221,17328,209893,'2021-01-01','2021'),('ED1004','C004','Hindi','bihar',227071,12032,215039,'2022-12-01','2022'),('ED1004','C004','Hindi','bihar',225391,15358,210033,'2022-02-01','2022'),('ED1007','C007','Hindi','Jharkhand',224027,9523,214504,'2021-01-01','2021'),('ED1007','C007','Hindi','Jharkhand',222697,7739,214958,'2021-10-01','2021'),('ED1007','C007','Hindi','Jharkhand',222154,11636,210518,'2021-02-01','2021'),('ED1003','C003','Hindi','Madhya_Pradesh',221274,8557,212717,'2023-02-01','2023'),('ED1004','C004','Hindi','bihar',221093,16270,204823,'2023-09-01','2023'),('ED1004','C004','Hindi','bihar',221038,6872,214166,'2022-04-01','2022'),('ED1007','C007','Hindi','Jharkhand',218712,9783,208929,'2022-07-01','2022'),('ED1004','C004','Hindi','bihar',218647,11455,207192,'2023-08-01','2023'),('ED1003','C003','Hindi','Madhya_Pradesh',218393,11815,206578,'2024-06-01','2024'),('ED1004','C004','Hindi','bihar',218233,10100,208133,'2022-07-01','2022'),('ED1003','C003','Hindi','Madhya_Pradesh',217667,9028,208639,'2024-04-01','2024'),('ED1004','C004','Hindi','bihar',217142,6610,210532,'2023-03-01','2023'),('ED1003','C003','Hindi','Madhya_Pradesh',216889,7440,209449,'2024-11-01','2024'),('ED1003','C003','Hindi','Madhya_Pradesh',216540,10117,206423,'2023-07-01','2023'),('ED1003','C003','Hindi','Madhya_Pradesh',216335,17008,199327,'2023-12-01','2023'),('ED1003','C003','Hindi','Madhya_Pradesh',215893,16101,199792,'2024-05-01','2024'),('ED1007','C007','Hindi','Jharkhand',215646,12054,203592,'2021-06-01','2021'),('ED1004','C004','Hindi','bihar',215446,14739,200707,'2022-10-01','2022'),('ED1007','C007','Hindi','Jharkhand',215220,12387,202833,'2022-02-01','2022'),('ED1003','C003','Hindi','Madhya_Pradesh',215145,13945,201200,'2024-08-01','2024'),('ED1004','C004','Hindi','bihar',215106,13963,201143,'2022-03-01','2022'),('ED1007','C007','Hindi','Jharkhand',214527,7363,207164,'2022-04-01','2022'),('ED1001','C001','hindi','Uttar pradesh',213822,6939,206883,'2019-05-01','2019'),('ED1007','C007','Hindi','Jharkhand',213418,13578,199840,'2022-09-01','2022'),('ED1003','C003','Hindi','Madhya_Pradesh',213084,10977,202107,'2024-03-01','2024'),('ED1004','C004','Hindi','bihar',212634,8837,203797,'2023-05-01','2023'),('ED1003','C003','Hindi','Madhya_Pradesh',212262,15742,196520,'2024-02-01','2024'),('ED1003','C003','Hindi','Madhya_Pradesh',212229,11973,200256,'2024-09-01','2024'),('ED1007','C007','Hindi','Jharkhand',211986,7591,204395,'2021-07-01','2021'),('ED1001','C001','hindi','Uttar pradesh',211806,11669,200137,'2019-01-01','2019'),('ED1004','C004','Hindi','bihar',211696,7360,204336,'2023-02-01','2023'),('ED1003','C003','Hindi','Madhya_Pradesh',211625,15649,195976,'2024-07-01','2024'),('ED1003','C003','Hindi','Madhya_Pradesh',211342,16081,195261,'2024-12-01','2024'),('ED1001','C001','hindi','Uttar pradesh',210775,10072,200703,'2019-06-01','2019'),('ED1007','C007','Hindi','Jharkhand',210325,16350,193975,'2021-12-01','2021'),('ED1001','C001','hindi','Uttar pradesh',210227,12778,197449,'2019-09-01','2019'),('ED1007','C007','Hindi','Jharkhand',209478,7021,202457,'2022-08-01','2022'),('ED1007','C007','Hindi','Jharkhand',209402,11971,197431,'2022-05-01','2022'),('ED1004','C004','Hindi','bihar',209179,12026,197153,'2023-04-01','2023'),('ED1001','C001','hindi','Uttar pradesh',208186,8632,199554,'2019-11-01','2019'),('ED1004','C004','Hindi','bihar',208141,12397,195744,'2023-12-01','2023'),('ED1003','C003','Hindi','Madhya_Pradesh',207963,9464,198499,'2024-10-01','2024'),('ED1004','C004','Hindi','bihar',207491,10981,196510,'2023-01-01','2023'),('ED1004','C004','Hindi','bihar',206377,8550,197827,'2024-05-01','2024'),('ED1004','C004','Hindi','bihar',206311,10875,195436,'2024-12-01','2024'),('ED1004','C004','Hindi','bihar',206098,15090,191008,'2024-04-01','2024'),('ED1007','C007','Hindi','Jharkhand',205824,8938,196886,'2023-07-01','2023'),('ED1007','C007','Hindi','Jharkhand',205551,12997,192554,'2023-05-01','2023'),('ED1001','C001','hindi','Uttar pradesh',205447,12781,192666,'2019-08-01','2019'),('ED1001','C001','hindi','Uttar pradesh',205413,13482,191931,'2020-09-01','2020'),('ED1001','C001','hindi','Uttar pradesh',205293,8838,196455,'2020-02-01','2020'),('ED1001','C001','hindi','Uttar pradesh',205192,6805,198387,'2019-10-01','2019'),('ED1004','C004','Hindi','bihar',205079,10916,194163,'2023-10-01','2023'),('ED1001','C001','hindi','Uttar pradesh',204263,10604,193659,'2020-12-01','2020'),('ED1001','C001','hindi','Uttar pradesh',204007,12846,191161,'2019-07-01','2019'),('ED1007','C007','Hindi','Jharkhand',203847,13715,190132,'2022-01-01','2022'),('ED1004','C004','Hindi','bihar',203130,12260,190870,'2023-07-01','2023'),('ED1004','C004','Hindi','bihar',202428,10508,191920,'2023-11-01','2023'),('ED1004','C004','Hindi','bihar',202115,16068,186047,'2024-10-01','2024'),('ED1007','C007','Hindi','Jharkhand',202048,6080,195968,'2023-06-01','2023'),('ED1007','C007','Hindi','Jharkhand',201743,10783,190960,'2023-09-01','2023'),('ED1007','C007','Hindi','Jharkhand',201642,14242,187400,'2022-10-01','2022'),('ED1001','C001','hindi','Uttar pradesh',201150,15258,185892,'2019-12-01','2019'),('ED1007','C007','Hindi','Jharkhand',200941,14065,186876,'2022-03-01','2022'),('ED1007','C007','Hindi','Jharkhand',199486,15667,183819,'2022-06-01','2022'),('ED1007','C007','Hindi','Jharkhand',199474,10455,189019,'2023-11-01','2023'),('ED1007','C007','Hindi','Jharkhand',199330,13445,185885,'2022-12-01','2022'),('ED1007','C007','Hindi','Jharkhand',198726,11096,187630,'2023-04-01','2023'),('ED1001','C001','hindi','Uttar pradesh',198628,13704,184924,'2019-03-01','2019'),('ED1001','C001','hindi','Uttar pradesh',198483,13054,185429,'2020-08-01','2020'),('ED1001','C001','hindi','Uttar pradesh',198270,14522,183748,'2019-02-01','2019'),('ED1004','C004','Hindi','bihar',197427,7095,190332,'2024-02-01','2024'),('ED1004','C004','Hindi','bihar',197044,9743,187301,'2024-09-01','2024'),('ED1004','C004','Hindi','bihar',196578,14879,181699,'2024-06-01','2024'),('ED1001','C001','hindi','Uttar pradesh',195830,12781,183049,'2020-11-01','2020'),('ED1004','C004','Hindi','bihar',195545,11170,184375,'2024-11-01','2024'),('ED1001','C001','hindi','Uttar pradesh',195141,12695,182446,'2020-06-01','2020'),('ED1001','C001','hindi','Uttar pradesh',194492,12156,182336,'2021-10-01','2021'),('ED1007','C007','Hindi','Jharkhand',194458,7833,186625,'2023-10-01','2023'),('ED1007','C007','Hindi','Jharkhand',193467,14012,179455,'2023-02-01','2023'),('ED1001','C001','hindi','Uttar pradesh',193147,11422,181725,'2020-04-01','2020'),('ED1007','C007','Hindi','Jharkhand',192912,14576,178336,'2023-12-01','2023'),('ED1007','C007','Hindi','Jharkhand',192417,7528,184889,'2024-08-01','2024'),('ED1001','C001','hindi','Uttar pradesh',192396,12034,180362,'2021-01-01','2021'),('ED1001','C001','hindi','Uttar pradesh',192078,6990,185088,'2020-01-01','2020'),('ED1001','C001','hindi','Uttar pradesh',191981,10816,181165,'2020-07-01','2020'),('ED1004','C004','Hindi','bihar',191865,11363,180502,'2024-07-01','2024'),('ED1007','C007','Hindi','Jharkhand',191781,7657,184124,'2024-09-01','2024'),('ED1004','C004','Hindi','bihar',191673,7207,184466,'2024-03-01','2024'),('ED1001','C001','hindi','Uttar pradesh',191553,12629,178924,'2021-09-01','2021'),('ED1001','C001','hindi','Uttar pradesh',191534,11091,180443,'2021-08-01','2021'),('ED1001','C001','hindi','Uttar pradesh',190942,8737,182205,'2021-03-01','2021'),('ED1004','C004','Hindi','bihar',190879,7143,183736,'2024-08-01','2024'),('ED1007','C007','Hindi','Jharkhand',189977,7511,182466,'2024-01-01','2024'),('ED1007','C007','Hindi','Jharkhand',188572,8788,179784,'2024-12-01','2024'),('ED1007','C007','Hindi','Jharkhand',188327,6479,181848,'2023-03-01','2023'),('ED1007','C007','Hindi','Jharkhand',186877,6163,180714,'2024-11-01','2024'),('ED1007','C007','Hindi','Jharkhand',186610,8792,177818,'2023-08-01','2023'),('ED1001','C001','hindi','Uttar pradesh',186109,6328,179781,'2020-03-01','2020'),('ED1001','C001','hindi','Uttar pradesh',185010,12024,172986,'2021-06-01','2021'),('ED1001','C001','hindi','Uttar pradesh',184874,11596,173278,'2021-07-01','2021'),('ED1001','C001','hindi','Uttar pradesh',183747,8214,175533,'2021-12-01','2021'),('ED1001','C001','hindi','Uttar pradesh',183598,10862,172736,'2022-05-01','2022'),('ED1001','C001','hindi','Uttar pradesh',183241,14530,168711,'2021-11-01','2021'),('ED1001','C001','hindi','Uttar pradesh',183103,8634,174469,'2022-11-01','2022'),('ED1007','C007','Hindi','Jharkhand',181025,11340,169685,'2024-10-01','2024'),('ED1001','C001','hindi','Uttar pradesh',180272,13479,166793,'2022-09-01','2022'),('ED1001','C001','hindi','Uttar pradesh',179866,6404,173462,'2022-12-01','2022'),('ED1007','C007','Hindi','Jharkhand',179614,10816,168798,'2024-02-01','2024'),('ED1001','C001','hindi','Uttar pradesh',179596,8762,170834,'2022-07-01','2022'),('ED1001','C001','hindi','Uttar pradesh',179246,7859,171387,'2021-02-01','2021'),('ED1007','C007','Hindi','Jharkhand',178757,9871,168886,'2024-03-01','2024'),('ED1007','C007','Hindi','Jharkhand',178080,8753,169327,'2024-06-01','2024'),('ED1001','C001','hindi','Uttar pradesh',177713,12901,164812,'2022-10-01','2022'),('ED1001','C001','hindi','Uttar pradesh',177239,13834,163405,'2022-06-01','2022'),('ED1001','C001','hindi','Uttar pradesh',176911,8458,168453,'2021-04-01','2021'),('ED1001','C001','hindi','Uttar pradesh',176470,6256,170214,'2022-01-01','2022'),('ED1007','C007','Hindi','Jharkhand',176290,11631,164659,'2024-05-01','2024'),('ED1007','C007','Hindi','Jharkhand',174777,9071,165706,'2024-07-01','2024'),('ED1001','C001','hindi','Uttar pradesh',172470,8671,163799,'2022-03-01','2022'),('ED1001','C001','hindi','Uttar pradesh',171576,11259,160317,'2023-02-01','2023'),('ED1001','C001','hindi','Uttar pradesh',169050,12542,156508,'2023-11-01','2023'),('ED1001','C001','hindi','Uttar pradesh',168893,12285,156608,'2023-07-01','2023'),('ED1001','C001','hindi','Uttar pradesh',168287,7054,161233,'2022-08-01','2022'),('ED1001','C001','hindi','Uttar pradesh',167015,9768,157247,'2023-12-01','2023'),('ED1001','C001','hindi','Uttar pradesh',166729,5975,160754,'2022-04-01','2022'),('ED1001','C001','hindi','Uttar pradesh',166471,5323,161148,'2022-02-01','2022'),('ED1001','C001','hindi','Uttar pradesh',166088,9479,156609,'2023-03-01','2023'),('ED1001','C001','hindi','Uttar pradesh',163687,5466,158221,'2023-09-01','2023'),('ED1001','C001','hindi','Uttar pradesh',162799,10087,152712,'2023-08-01','2023'),('ED1001','C001','hindi','Uttar pradesh',162016,12321,149695,'2024-01-01','2024'),('ED1001','C001','hindi','Uttar pradesh',161495,11730,149765,'2024-03-01','2024'),('ED1001','C001','hindi','Uttar pradesh',161378,10424,150954,'2024-10-01','2024'),('ED1001','C001','hindi','Uttar pradesh',160376,6900,153476,'2024-07-01','2024'),('ED1001','C001','hindi','Uttar pradesh',158938,6724,152214,'2023-06-01','2023'),('ED1001','C001','hindi','Uttar pradesh',157662,11393,146269,'2023-04-01','2023'),('ED1001','C001','hindi','Uttar pradesh',156940,4991,151949,'2023-05-01','2023'),('ED1001','C001','hindi','Uttar pradesh',156904,6338,150566,'2024-09-01','2024'),('ED1001','C001','hindi','Uttar pradesh',156049,9881,146168,'2024-02-01','2024'),('ED1001','C001','hindi','Uttar pradesh',155269,9394,145875,'2024-04-01','2024'),('ED1001','C001','hindi','Uttar pradesh',152776,8424,144352,'2024-05-01','2024'),('ED1001','C001','hindi','Uttar pradesh',151526,6891,144635,'2024-08-01','2024'),('ED1001','C001','hindi','Uttar pradesh',149986,6387,143599,'2024-06-01','2024'),('ED1001','C001','hindi','Uttar pradesh',146927,7829,139098,'2024-11-01','2024');
/*!40000 ALTER TABLE `fact_print_sales` ENABLE KEYS */;
UNLOCK TABLES;
/*!40103 SET TIME_ZONE=@OLD_TIME_ZONE */;

/*!40101 SET SQL_MODE=@OLD_SQL_MODE */;
/*!40014 SET FOREIGN_KEY_CHECKS=@OLD_FOREIGN_KEY_CHECKS */;
/*!40014 SET UNIQUE_CHECKS=@OLD_UNIQUE_CHECKS */;
/*!40101 SET CHARACTER_SET_CLIENT=@OLD_CHARACTER_SET_CLIENT */;
/*!40101 SET CHARACTER_SET_RESULTS=@OLD_CHARACTER_SET_RESULTS */;
/*!40101 SET COLLATION_CONNECTION=@OLD_COLLATION_CONNECTION */;
/*!40111 SET SQL_NOTES=@OLD_SQL_NOTES */;

-- Dump completed on 2025-09-25  9:41:55
